stock,monkey_ret,buyhold_ret,alpha,trades,exposure,final_equity
fake0,1.3607625020333054,0.6614481409001955,0.6993143611331099,355,0.4984984984984985,2.3607625020333054
fake1,-0.1409621351760395,-0.4233870967741936,0.2824249615981541,305,0.43043043043043044,0.8590378648239605
fake2,0.02761818182507403,-0.2470817120622567,0.27469989388733074,314,0.5045045045045045,1.027618181825074
fake3,-0.37323184585716385,-0.1560353287536801,-0.21719651710348375,313,0.5095095095095095,0.6267681541428362
fake4,-0.4203625153433701,-0.566497461928934,0.14613494658556392,323,0.4944944944944945,0.5796374846566299
fake5,-0.5146766154020868,-0.5681592039800996,0.0534825885780128,357,0.48348348348348347,0.48532338459791324
fake6,-0.3712560489267772,-0.4083665338645417,0.037110484937764476,348,0.5225225225225225,0.6287439510732228
fake7,0.03080492369492238,0.3682132280355379,-0.33740830434061553,312,0.4934934934934935,1.0308049236949224
fake8,0.7365762495963342,2.506916996047431,-1.770340746451097,350,0.5295295295295295,1.7365762495963342
fake9,-0.24147444075136792,-0.5198372329603256,0.27836279220895765,342,0.5295295295295295,0.7585255592486321
fake10,0.4122319154797873,0.9015384615384614,-0.4893065460586741,325,0.5075075075075075,1.4122319154797873
fake11,0.6042862630927985,1.8802336903602725,-1.275947427267474,347,0.4914914914914915,1.6042862630927985
fake12,-0.0794818431072678,0.01294820717131473,-0.09243005027858253,340,0.4754754754754755,0.9205181568927322
fake13,-0.4136358076468404,-0.2546890424481738,-0.15894676519866657,343,0.5015015015015015,0.5863641923531596
fake14,-0.7701253568356098,-0.7421568627450981,-0.02796849409051172,325,0.4894894894894895,0.22987464316439019
fake15,-0.35879263101655834,-0.40909090909090895,0.05029827807435061,322,0.5105105105105106,0.6412073689834417
fake16,1.459380060063601,1.0060606060606059,0.4533194540029952,322,0.48148148148148145,2.459380060063601
fake17,0.18061212699211127,1.1934493346980553,-1.012837207705944,343,0.4984984984984985,1.1806121269921113
fake18,0.5081340183123559,0.782435129740519,-0.27430111142816305,326,0.5115115115115115,1.508134018312356
fake19,-0.3398499221268517,-0.30722891566265065,-0.032621006464201074,345,0.47347347347347346,0.6601500778731483
fake20,-0.29502267721749453,-0.4060301507537688,0.11100747353627427,340,0.5215215215215215,0.7049773227825055
fake21,-0.23555926654168657,-0.2084592145015105,-0.02710005204017607,347,0.4964964964964965,0.7644407334583134
fake22,-0.29738542495626763,-0.2537612838515547,-0.04362414110471291,310,0.48148148148148145,0.7026145750437324
fake23,1.3387637816904903,0.9782823297137213,0.36048145197676895,340,0.5615615615615616,2.3387637816904903
fake24,-0.20107866004924524,0.7005988023952097,-0.9016774624444549,339,0.5085085085085085,0.7989213399507548
fake25,-0.26612244337170754,0.2656400384985562,-0.5317624818702638,329,0.4974974974974975,0.7338775566282925
fake26,-0.22363504874991502,0.07801418439716334,-0.30164923314707837,333,0.5365365365365365,0.776364951250085
fake27,-0.21455991159473664,-0.14495592556317338,-0.06960398603156326,342,0.5065065065065065,0.7854400884052634
fake28,0.23471598881858835,0.433467741935484,-0.19875175311689564,334,0.4804804804804805,1.2347159888185884
fake29,-0.2582141500736339,-0.4984833164812943,0.24026916640766038,344,0.4844844844844845,0.7417858499263661
fake30,2.2698142127041105,0.7189349112426033,1.5508793014615072,325,0.4864864864864865,3.2698142127041105
fake31,-0.01651520620796565,0.04228121927236961,-0.05879642548033526,330,0.4844844844844845,0.9834847937920344
fake32,0.2461964974028541,0.7650602409638552,-0.5188637435610011,335,0.5085085085085085,1.246196497402854
fake33,-0.308661049637186,-0.4426559356136821,0.13399488597649611,352,0.4974974974974975,0.691338950362814
fake34,-0.22401723738050394,-0.7366892545982575,0.5126720172177536,317,0.4844844844844845,0.7759827626194961
fake35,-0.22170553434972384,-0.17647058823529416,-0.045234946114429686,310,0.4954954954954955,0.7782944656502762
fake36,1.0141110562049702,1.3747454175152751,-0.3606343613103049,323,0.48848848848848847,2.01411105620497
fake37,-0.00802314868327958,-0.5185185185185185,0.5104953698352389,359,0.5125125125125125,0.9919768513167204
fake38,0.04746317760877394,-0.11515748031496065,0.1626206579237346,338,0.4984984984984985,1.047463177608774
fake39,0.4347819835233513,0.960668633235005,-0.5258866497116537,318,0.5135135135135135,1.4347819835233513
fake40,0.2589059609787425,0.13078470824949706,0.12812125272924546,339,0.4804804804804805,1.2589059609787425
fake41,0.24332111211469387,-0.03118503118503113,0.274506143299725,350,0.4934934934934935,1.2433211121146939
fake42,1.6155995311239204,1.0484720758693364,0.567127455254584,343,0.4934934934934935,2.6155995311239204
fake43,0.016735629028767907,-0.060913705583756306,0.07764933461252421,364,0.5025025025025025,1.016735629028768
fake44,0.9867752356733877,0.7269076305220881,0.2598676051512996,321,0.5095095095095095,1.9867752356733877
fake45,0.48495226017727133,1.3551307847082494,-0.8701785245309781,350,0.5315315315315315,1.4849522601772713
fake46,-0.31490285375586435,-0.5496558505408062,0.23475299678494188,340,0.4994994994994995,0.6850971462441356
fake47,0.5402035786516568,0.6995121951219514,-0.1593086164702946,345,0.4954954954954955,1.5402035786516568
fake48,-0.035125720343781586,-0.36707566462167684,0.33194994427789526,349,0.47147147147147145,0.9648742796562184
fake49,0.40795875436144535,0.5347432024169185,-0.12678444805547318,310,0.5165165165165165,1.4079587543614454
fake50,-0.23847416273409294,0.20531154239019433,-0.4437857051242873,344,0.5155155155155156,0.7615258372659071
fake51,-0.3769871596048473,-0.27254901960784306,-0.10443813999700424,353,0.4894894894894895,0.6230128403951527
fake52,-0.12722060645891042,-0.6287425149700598,0.5015219085111494,317,0.4774774774774775,0.8727793935410896
fake53,-0.35269030285453173,-0.3872255489021956,0.03453524604766389,293,0.45845845845845845,0.6473096971454683
fake54,-0.11347930894360236,0.00800800800800805,-0.12148731695161041,344,0.48348348348348347,0.8865206910563976
fake55,-0.06840071417943017,-0.19218910585817062,0.12378839167874045,326,0.5065065065065065,0.9315992858205698
fake56,0.11653340257837308,-0.273,0.3895334025783731,326,0.45845845845845845,1.116533402578373
fake57,0.07580130565969712,-0.7919597989949749,0.867761104654672,307,0.5005005005005005,1.0758013056596971
fake58,0.7614153273394704,0.23609756097560974,0.5253177663638606,344,0.4794794794794795,1.7614153273394704
fake59,0.5804314098432439,0.2655935613682092,0.3148378484750347,320,0.5205205205205206,1.580431409843244
fake60,0.826589267737486,0.6627101879327397,0.16387907980474625,351,0.4794794794794795,1.826589267737486
fake61,-0.4874180106427388,-0.42215568862275443,-0.06526232201998439,352,0.4794794794794795,0.5125819893572612
fake62,-0.03953732301607904,0.48258706467661683,-0.5221243876926959,337,0.4744744744744745,0.960462676983921
fake63,-0.03634431455721654,-0.4376869391824526,0.40134262462523607,318,0.4944944944944945,0.9636556854427835
fake64,0.3084205461507752,0.49015748031496065,-0.18173693416418546,341,0.4864864864864865,1.3084205461507752
fake65,-0.36658019222294846,0.33669354838709675,-0.7032737406100452,342,0.4894894894894895,0.6334198077770515
fake66,-0.18124082148690512,-0.2754195459032577,0.09417872441635255,347,0.5125125125125125,0.8187591785130949
fake67,0.9337146887368668,0.048929663608562546,0.8847850251283043,329,0.5045045045045045,1.9337146887368668
fake68,-0.44191382102665167,-0.6049751243781094,0.16306130335145774,353,0.5105105105105106,0.5580861789733483
fake69,-0.3954419095380949,-0.6862549800796813,0.29081307054158645,327,0.5025025025025025,0.6045580904619051
fake70,0.06733699998738962,0.40858018386108275,-0.3412431838736931,320,0.47147147147147145,1.0673369999873896
fake71,-0.26994298282124907,-0.21850393700787396,-0.051439045813375106,340,0.5395395395395396,0.7300570171787509
fake72,0.0845950419444137,-0.04752475247524757,0.13211979441966126,339,0.5045045045045045,1.0845950419444137
fake73,0.6264302800687522,1.0789999999999997,-0.4525697199312475,322,0.4854854854854855,1.6264302800687522
fake74,0.6134448514488142,-0.06045081967213117,0.6738956711209454,312,0.4824824824824825,1.6134448514488142
fake75,-0.22724127020441853,-0.3635477582846004,0.13630648808018186,323,0.4994994994994995,0.7727587297955815
fake76,-0.048157226607757564,0.7103718199608611,-0.7585290465686186,356,0.5145145145145145,0.9518427733922424
fake77,-0.4767399316568304,-0.3085539714867618,-0.1681859601700686,316,0.4694694694694695,0.5232600683431696
fake78,-0.029783425819686182,-0.3466533466533467,0.3168699208336605,342,0.5175175175175175,0.9702165741803138
fake79,-0.21732760977496046,-0.40444893832153694,0.18712132854657648,326,0.4984984984984985,0.7826723902250395
fake80,0.6509641802019024,1.017400204708291,-0.3664360245063887,345,0.46846846846846846,1.6509641802019024
fake81,-0.3769683265895285,-0.28460793804453055,-0.09236038854499795,334,0.4694694694694695,0.6230316734104715
fake82,0.45753477273624377,0.19322709163346619,0.2643076811027776,340,0.5005005005005005,1.4575347727362438
fake83,-0.05196955440575379,0.156188605108055,-0.20815815951380878,331,0.4964964964964965,0.9480304455942462
fake84,0.3672329447563629,1.06454816285998,-0.6973152181036171,339,0.5205205205205206,1.367232944756363
fake85,0.05828690377896173,0.2841475573280161,-0.22586065354905438,322,0.4754754754754755,1.0582869037789617
fake86,0.2012582512770118,0.9655532359081418,-0.76429498463113,329,0.5075075075075075,1.2012582512770118
fake87,-0.1755885112481429,-0.23015873015873023,0.05457021891058733,337,0.4924924924924925,0.8244114887518571
fake88,-0.3039550684915928,-0.17303822937625746,-0.13091683911533536,347,0.4994994994994995,0.6960449315084072
fake89,1.25370199422203,0.8129423660262891,0.4407596281957409,381,0.4864864864864865,2.25370199422203
fake90,-0.2753838853722389,-0.28284854563691075,0.007464660264671852,328,0.4954954954954955,0.7246161146277611
fake91,-0.1771266095553483,-0.2928286852589641,0.11570207570361579,336,0.5025025025025025,0.8228733904446517
fake92,-0.0956085535367639,0.6707692307692308,-0.7663777843059947,320,0.45345345345345345,0.9043914464632361
fake93,-0.001287305306268527,-0.37808489634748277,0.37679759104121424,342,0.5385385385385385,0.9987126946937315
fake94,-0.028220684095576987,0.3069590085795997,-0.33517969267517667,325,0.4644644644644645,0.971779315904423
fake95,0.8460315449143119,1.589430894308943,-0.7433993493946311,351,0.5145145145145145,1.8460315449143119
fake96,0.3768361215503766,0.6361767728674204,-0.25934065131704376,340,0.4674674674674675,1.3768361215503766
fake97,-0.5561939064914452,-0.6163708086785009,0.060176902187055736,332,0.5035035035035035,0.4438060935085549
fake98,-0.13899072104486843,0.03884462151394419,-0.17783534255881261,339,0.5185185185185185,0.8610092789551316
fake99,-0.47167133656630755,-0.522343594836147,0.050672258269839454,323,0.5075075075075075,0.5283286634336924
fake100,1.1507512029317346,0.4050505050505051,0.7457006978812295,329,0.48848848848848847,2.1507512029317346
fake101,-0.42686249999936055,-0.6192384769539079,0.19237597695454733,320,0.5375375375375375,0.5731375000006395
fake102,0.7765495088124492,0.7131394182547639,0.06341009055768532,333,0.46546546546546547,1.7765495088124492
fake103,0.03302746288684477,-0.11066799601196409,0.14369545889880886,360,0.5025025025025025,1.0330274628868448
fake104,0.3334008480833941,-0.11688311688311692,0.450283964966511,353,0.4824824824824825,1.333400848083394
fake105,0.47288677554988423,0.8853118712273642,-0.41242509567748,349,0.5005005005005005,1.4728867755498842
fake106,-0.25216076217286787,-0.3003003003003003,0.048139538127432435,323,0.4874874874874875,0.7478392378271321
fake107,1.1154652639575855,1.1341948310139163,-0.018729567056330776,330,0.5095095095095095,2.1154652639575855
fake108,0.5128213147556568,-0.13233830845771144,0.6451596232133683,322,0.4624624624624625,1.5128213147556568
fake109,0.7815958976414963,0.6839024390243904,0.09769345861710588,346,0.5205205205205206,1.7815958976414963
fake110,0.06806887166086306,-0.20820820820820818,0.27627707986907124,337,0.5365365365365365,1.068068871660863
fake111,-0.6206954103471214,-0.561671763506626,-0.059023646840495436,326,0.5235235235235235,0.3793045896528786
fake112,-0.3192010131213008,-0.7718253968253969,0.4526243837040961,317,0.5135135135135135,0.6807989868786992
fake113,0.22307302339187407,-0.19131334022750768,0.41438636361938175,303,0.4844844844844845,1.223073023391874
fake114,0.27039559894039034,0.27208835341365445,-0.001692754473264113,371,0.5325325325325325,1.2703955989403903
fake115,0.18924275373375443,1.4553846153846157,-1.2661418616508613,346,0.5185185185185185,1.1892427537337544
fake116,-0.032561734501272865,-0.024340770791075106,-0.00822096371019776,329,0.5005005005005005,0.9674382654987271
fake117,1.7946368866146636,1.6896207584830338,0.10501612813162975,335,0.5145145145145145,2.7946368866146636
fake118,-0.029608308123935778,-0.12271805273833658,0.0931097446144008,366,0.5035035035035035,0.9703916918760642
fake119,0.025032542538447222,0.13425468904244808,-0.10922214650400086,351,0.5215215215215215,1.0250325425384472
fake120,-0.023609207396131704,-0.038657171922685696,0.015047964526553992,326,0.5345345345345346,0.9763907926038683
fake121,-0.09355636914688792,-0.4802761341222881,0.38671976497540017,344,0.5355355355355356,0.9064436308531121
fake122,-0.05428857094434636,0.7036290322580643,-0.7579176032024106,337,0.4994994994994995,0.9457114290556536
fake123,0.29228116331247334,0.6973026973026972,-0.4050215339902239,356,0.5045045045045045,1.2922811633124733
fake124,0.2314481481953885,0.12323232323232314,0.10821582496306537,329,0.4944944944944945,1.2314481481953885
fake125,-0.3354547085699777,-0.26567164179104485,-0.06978306677893287,322,0.4594594594594595,0.6645452914300223
fake126,-0.2489478167762591,-0.32487804878048776,0.07593023200422866,340,0.5345345345345346,0.7510521832237409
fake127,-0.09569122368791172,0.035317860746720386,-0.1310090844346321,339,0.5215215215215215,0.9043087763120883
fake128,-0.17125554138483678,0.09018830525272548,-0.26144384663756226,317,0.46046046046046046,0.8287444586151632
fake129,1.4600881856025478,1.6127110228401191,-0.1526228372375713,365,0.46646646646646645,2.460088185602548
fake130,-0.11036411473337682,-0.10735586481113324,-0.0030082499222435777,340,0.5055055055055055,0.8896358852666232
fake131,-0.08306699779463256,-0.41382765531062127,0.3307606575159887,348,0.4984984984984985,0.9169330022053674
fake132,-0.19068863742721398,-0.3932926829268293,0.2026040454996153,329,0.4824824824824825,0.809311362572786
fake133,0.02588757283627907,0.3245967741935485,-0.2987092013572694,348,0.5015015015015015,1.025887572836279
fake134,0.3172291024385656,-0.1826171875000001,0.4998462899385657,335,0.5035035035035035,1.3172291024385656
fake135,0.3391147068433724,0.531062124248497,-0.19194741740512455,328,0.45145145145145144,1.3391147068433724
fake136,0.4748332588670281,0.18805970149253715,0.28677355737449095,340,0.4674674674674675,1.474833258867028
fake137,-0.2998678666300595,-0.3870967741935485,0.087228907563489,330,0.5135135135135135,0.7001321333699405
fake138,0.21158254843324809,0.02535496957403649,0.1862275788592116,308,0.4874874874874875,1.211582548433248
fake139,-0.18655324625361258,-0.44036697247706424,0.25381372622345166,318,0.4694694694694695,0.8134467537463874
fake140,0.1754877199568734,0.009027081243731194,0.1664606387131422,310,0.4944944944944945,1.1754877199568734
fake141,0.11720945486047718,-0.10749506903353057,0.22470452389400775,348,0.4894894894894895,1.1172094548604772
fake142,0.024312415474464055,-0.48435923309788087,0.5086716485723449,332,0.48148148148148145,1.024312415474464
fake143,-0.33353983064205717,-0.5914935707220574,0.25795374008000027,337,0.5005005005005005,0.6664601693579428
fake144,0.06273407584153246,0.029761904761904878,0.03297217107962758,348,0.4924924924924925,1.0627340758415325
fake145,-0.02111914883203425,-0.16752843846949317,0.14640928963745892,336,0.5225225225225225,0.9788808511679657
fake146,-0.1449223504298095,-0.0803571428571429,-0.0645652075726666,338,0.5335335335335335,0.8550776495701905
fake147,-0.2238764774137969,0.514370664023786,-0.7382471414375829,347,0.5175175175175175,0.7761235225862031
fake148,0.2573249300920417,-0.24547283702213274,0.5027977671141745,331,0.5025025025025025,1.2573249300920417
fake149,-0.3843466766292196,-0.182643794147326,-0.2017028824818936,315,0.4574574574574575,0.6156533233707804
fake150,0.526944866338521,0.04639684106614017,0.48054802527238083,337,0.4974974974974975,1.526944866338521
fake151,0.07119739570639494,-0.15039840637450197,0.2215958020808969,325,0.5045045045045045,1.071197395706395
fake152,0.12392224989749234,0.2958034800409417,-0.17188123014344936,335,0.5075075075075075,1.1239222498974923
fake153,0.17012535461120692,0.17882117882117887,-0.008695824209971947,327,0.46846846846846846,1.170125354611207
fake154,0.5346020363685973,1.7995991983967934,-1.2649971620281961,322,0.4964964964964965,1.5346020363685973
fake155,0.47729686592959375,0.12016293279022405,0.3571339331393697,347,0.5035035035035035,1.4772968659295937
fake156,0.37742988030212654,0.9132553606237817,-0.5358254803216551,326,0.5235235235235235,1.3774298803021265
fake157,0.10725078854138315,0.2655642023346305,-0.15831341379324737,341,0.4854854854854855,1.1072507885413831
fake158,-0.12353194550006252,-0.6509341199606686,0.5274021744606061,337,0.5175175175175175,0.8764680544999375
fake159,0.278066708823554,2.570570570570571,-2.292503861747017,325,0.47147147147147145,1.278066708823554
fake160,0.23804264495177785,0.2738916256157635,-0.035848980663985675,347,0.4924924924924925,1.2380426449517778
fake161,0.4675816949460925,0.5621301775147929,-0.09454848256870041,332,0.46646646646646645,1.4675816949460925
fake162,0.3130991134375667,0.9641434262948207,-0.6510443128572541,326,0.4854854854854855,1.3130991134375667
fake163,0.35399809928007153,0.266871165644172,0.08712693363589952,327,0.47147147147147145,1.3539980992800715
fake164,-0.2101907482353912,-0.1893551688843398,-0.020835579351051403,337,0.4794794794794795,0.7898092517646088
fake165,-0.3500644943294071,-0.353596757852077,0.0035322635226698873,348,0.5155155155155156,0.6499355056705929
fake166,0.14739984310237908,1.3042198233562319,-1.1568199802538528,337,0.48348348348348347,1.147399843102379
fake167,-0.15738340875821322,-0.06893004115226331,-0.0884533676059499,336,0.4894894894894895,0.8426165912417868
fake168,1.083665007537117,0.7775510204081633,0.30611398712895377,319,0.4954954954954955,2.083665007537117
fake169,-0.37142435048226063,-0.45857988165680474,0.08715553117454411,314,0.4944944944944945,0.6285756495177394
fake170,0.1331887663122555,-0.497,0.6301887663122555,299,0.48348348348348347,1.1331887663122555
fake171,-0.3578417800737672,-0.41247484909456744,0.05463306902080023,348,0.4984984984984985,0.6421582199262328
fake172,-0.6639119549119057,-0.7373134328358208,0.07340147792391516,354,0.47047047047047047,0.33608804508809426
fake173,0.08932310726051829,-0.6386138613861386,0.7279369686466569,337,0.4794794794794795,1.0893231072605183
fake174,0.7091342396264271,-0.35532994923857875,1.064464188865006,344,0.47647647647647645,1.709134239626427
fake175,0.5558769553130105,0.31600407747196724,0.23987287784104327,319,0.4934934934934935,1.5558769553130105
fake176,-0.1301412504363506,-0.8078817733990148,0.6777405229626642,317,0.4724724724724725,0.8698587495636494
fake177,-0.3729503636682002,-0.573134328358209,0.20018396469000876,340,0.5025025025025025,0.6270496363317998
fake178,0.895655257506385,1.544477028347996,-0.6488217708416111,350,0.4844844844844845,1.895655257506385
fake179,0.46120479962580396,0.9644268774703557,-0.5032220778445518,339,0.5065065065065065,1.461204799625804
fake180,-0.2524912536583278,-0.10767696909272184,-0.14481428456560597,352,0.5425425425425425,0.7475087463416722
fake181,-0.5095031765299732,-0.6406882591093117,0.13118508257933847,324,0.4694694694694695,0.49049682347002677
fake182,-0.1426712058621098,-0.04166666666666663,-0.10100453919544317,312,0.5415415415415415,0.8573287941378902
fake183,-0.2509812549687275,-0.6719211822660098,0.42093992729728236,301,0.5365365365365365,0.7490187450312725
fake184,-0.1258164413366436,0.6430678466076698,-0.7688842879443134,351,0.5015015015015015,0.8741835586633564
fake185,-0.32523846707680026,-0.0894071914480078,-0.23583127562879247,342,0.4994994994994995,0.6747615329231997
fake186,-0.30860905041766207,-0.016260162601625994,-0.2923488878160361,363,0.48848848848848847,0.6913909495823379
fake187,0.1586749738945561,-0.19089147286821706,0.34956644676277315,329,0.5105105105105106,1.158674973894556
fake188,0.27244947495205096,0.6341463414634145,-0.36169686651136357,348,0.5145145145145145,1.272449474952051
fake189,-0.07834292330576587,-0.08374875373878365,0.005405830433017789,333,0.5075075075075075,0.9216570766942341
fake190,0.2803874530441617,-0.21015936254980072,0.4905468155939624,322,0.47047047047047047,1.2803874530441617
fake191,1.0571972589032694,1.0538687561214495,0.003328502781819953,341,0.4874874874874875,2.0571972589032694
fake192,-0.5225351344802379,-0.6877551020408164,0.16521996756057844,336,0.5455455455455456,0.4774648655197621
fake193,0.40555558546189663,0.9900793650793649,-0.5845237796174683,352,0.5165165165165165,1.4055555854618966
fake194,-0.22059222588698846,-0.2578125,0.03722027411301154,369,0.5295295295295295,0.7794077741130115
fake195,-0.06288651383337251,0.6011904761904763,-0.6640769900238488,317,0.5275275275275275,0.9371134861666275
fake196,-0.5238948323502297,-0.3234421364985163,-0.20045269585171344,338,0.5185185185185185,0.47610516764977034
fake197,0.11148323666176507,-0.22942386831275718,0.34090710497452226,354,0.5165165165165165,1.111483236661765
fake198,-0.0005078979600042777,0.20020020020020013,-0.2007080981602044,340,0.4924924924924925,0.9994921020399957
fake199,-0.11046759502279258,0.04875518672199153,-0.1592227817447841,314,0.48148148148148145,0.8895324049772074
fake200,0.678652971799087,-0.04609218436873752,0.7247451561678245,311,0.5195195195195195,1.678652971799087
fake201,-0.6006182427282568,-0.6960081883316274,0.09538994560337055,341,0.5255255255255256,0.3993817572717432
fake202,-0.08221567986963962,-0.1586826347305389,0.07646695486089927,346,0.5185185185185185,0.9177843201303604
fake203,0.4573898407470547,0.9306532663316585,-0.47326342558460377,302,0.5235235235235235,1.4573898407470547
fake204,-0.4241230797080181,-0.4449901768172887,0.020867097109270594,356,0.5045045045045045,0.5758769202919819
fake205,0.041849974000047974,0.6127110228401189,-0.5708610488400709,311,0.5295295295295295,1.041849974000048
fake206,-0.33698144747759085,-0.5069582504970179,0.16997680301942708,337,0.5455455455455456,0.6630185525224092
fake207,0.30595990173642185,1.7068965517241383,-1.4009366499877165,353,0.5175175175175175,1.3059599017364218
fake208,-0.17595595372109774,-0.5279441117764471,0.35198815805534933,337,0.4674674674674675,0.8240440462789023
fake209,-0.473105528232302,-0.04066736183524511,-0.4324381663970569,341,0.4864864864864865,0.526894471767698
fake210,-0.7451122283961995,-0.8962075848303394,0.15109535643413985,318,0.4994994994994995,0.2548877716038005
fake211,1.1918792038073707,1.9629258517034067,-0.771046647896036,326,0.5085085085085085,2.1918792038073707
fake212,0.7803606438271309,0.33692458374142986,0.443436060085701,316,0.5465465465465466,1.7803606438271309
fake213,-0.22585581664115084,0.2320162107396151,-0.45787202738076593,337,0.5055055055055055,0.7741441833588492
fake214,-0.20451172737425394,-0.3901209677419355,0.18560924036768156,336,0.48348348348348347,0.7954882726257461
fake215,-0.42081216597267923,0.20231213872832354,-0.6231243047010028,347,0.5085085085085085,0.5791878340273208
fake216,0.3855359363440052,0.0994974874371859,0.2860384489068193,353,0.47847847847847846,1.3855359363440052
fake217,0.42715492014827383,0.2517412935323382,0.17541362661593562,337,0.5285285285285285,1.4271549201482738
fake218,-0.21792921919383368,-0.37793667007150145,0.16000745087766777,334,0.5335335335335335,0.7820707808061663
fake219,0.6675965369529351,1.005994005994006,-0.33839746904107093,308,0.4854854854854855,1.667596536952935
fake220,0.05404826547517927,0.26435643564356437,-0.2103081701683851,331,0.5235235235235235,1.0540482654751793
fake221,0.04375614325310728,-0.2540747842761265,0.2978309275292338,349,0.4904904904904905,1.0437561432531073
fake222,0.15349306978970545,0.49266862170087977,-0.3391755519111743,323,0.5235235235235235,1.1534930697897054
fake223,1.1652042585156974,1.24507874015748,-0.07987448164178268,354,0.5065065065065065,2.1652042585156974
fake224,-0.10590017287629994,0.056147144240077385,-0.16204731711637732,350,0.4934934934934935,0.8940998271237001
fake225,0.0172383713854809,-0.21384928716904283,0.23108765855452373,319,0.4744744744744745,1.017238371385481
fake226,0.33139046573843256,0.783464566929134,-0.45207410119070146,308,0.4934934934934935,1.3313904657384326
fake227,0.05986605461524763,0.03184079601990031,0.028025258595347324,322,0.5165165165165165,1.0598660546152476
fake228,-0.6027267921486228,-0.5558882235528941,-0.04683856859572866,351,0.5125125125125125,0.39727320785137726
fake229,0.9170349785376755,0.9920713577799805,-0.075036379242305,328,0.46546546546546547,1.9170349785376755
fake230,0.4032351409274031,0.3968095712861417,0.006425569641261397,325,0.5095095095095095,1.403235140927403
fake231,0.6548820839149825,1.2697302697302697,-0.6148481858152872,344,0.5215215215215215,1.6548820839149825
fake232,-0.28660225358452784,-0.09304703476482623,-0.1935552188197016,337,0.4894894894894895,0.7133977464154722
fake233,-0.05601452097770443,0.11542390194075591,-0.17143842291846034,316,0.4794794794794795,0.9439854790222956
fake234,-0.3321809388612348,-0.24607843137254892,-0.08610250748868586,309,0.5265265265265265,0.6678190611387652
fake235,-0.05795231107358867,0.1381322957198443,-0.19608460679343298,330,0.5175175175175175,0.9420476889264113
fake236,-0.10089702654294053,-0.203913491246138,0.10301646470319747,343,0.4994994994994995,0.8991029734570595
fake237,0.3225975439756743,-0.03915662650602414,0.36175417048169844,318,0.4864864864864865,1.3225975439756743
fake238,0.1896110679510763,0.25050100200400793,-0.06088993405293164,311,0.5125125125125125,1.1896110679510763
fake239,0.5108345093512909,0.1838161838161838,0.3270183255351071,329,0.5295295295295295,1.510834509351291
fake240,-0.4146828659795413,-0.39414634146341465,-0.020536524516126642,368,0.4744744744744745,0.5853171340204587
fake241,0.5569561860712426,4.257286432160805,-3.700330246089562,370,0.5095095095095095,1.5569561860712426
fake242,0.0077850859498582725,1.57487922705314,-1.5670941411032817,353,0.48348348348348347,1.0077850859498583
fake243,-0.17130085463371447,0.18385214007782102,-0.3551529947115355,318,0.4774774774774775,0.8286991453662855
fake244,0.09663626026858685,0.8314065510597302,-0.7347702907911433,335,0.4964964964964965,1.0966362602685868
fake245,-0.030541391495792936,-0.17027559055118113,0.1397341990553882,334,0.5135135135135135,0.9694586085042071
fake246,-0.0011404494683224797,-0.006048387096774244,0.004907937628451764,347,0.4774774774774775,0.9988595505316775
fake247,-0.3488241290366484,-0.5987717502558854,0.24994762121923697,337,0.47347347347347346,0.6511758709633516
fake248,0.5733629099731192,0.21999999999999997,0.35336290997311925,326,0.4964964964964965,1.5733629099731192
fake249,-0.07510386919037826,-0.270637408568443,0.19553353937806472,355,0.4994994994994995,0.9248961308096217
fake250,-0.0599077372152671,-0.4503042596348884,0.3903965224196213,331,0.5305305305305306,0.9400922627847329
fake251,-0.09577482783793001,-0.06771344455348371,-0.028061383284446295,343,0.5085085085085085,0.90422517216207
fake252,0.3424429986863764,0.13567839195979925,0.20676460672657715,318,0.47847847847847846,1.3424429986863764
fake253,-0.45155624536389594,-0.6404382470119522,0.18888200164805624,330,0.5315315315315315,0.5484437546361041
fake254,0.23265009014123073,1.9067622950819674,-1.6741122049407366,336,0.4954954954954955,1.2326500901412307
fake255,0.10780323336294817,0.1327967806841046,-0.02499354732115644,353,0.4944944944944945,1.1078032333629482
fake256,0.915697536369698,0.24024024024024038,0.6754572961294576,342,0.47147147147147145,1.915697536369698
fake257,0.1996305589874552,0.2804995196926032,-0.08086896070514804,332,0.5035035035035035,1.1996305589874552
fake258,-0.36610902851345295,-0.02131979695431463,-0.3447892315591383,301,0.4964964964964965,0.633890971486547
fake259,-0.16013826493161143,-0.4584139264990329,0.29827566156742147,327,0.4774774774774775,0.8398617350683886
fake260,0.020091421945205745,0.12890625,-0.10881482805479425,320,0.5405405405405406,1.0200914219452057
fake261,-0.13708526437227886,0.37154150197628466,-0.5086267663485635,353,0.5265265265265265,0.8629147356277211
fake262,-0.14054375469499236,-0.4423645320197045,0.30182077732471213,319,0.4994994994994995,0.8594562453050076
fake263,0.14125457848032852,0.007984031936127733,0.13327054654420079,348,0.48348348348348347,1.1412545784803285
fake264,-0.12082609906979735,0.3081395348837208,-0.42896563395351817,342,0.45245245245245247,0.8791739009302026
fake265,-0.15705084460653917,-0.3035363457760314,0.14648550116949222,341,0.5155155155155156,0.8429491553934608
fake266,0.20920860883362868,0.7336734693877549,-0.5244648605541262,337,0.5065065065065065,1.2092086088336287
fake267,-0.5217464415034443,-0.5853174603174603,0.06357101881401606,345,0.5155155155155156,0.47825355849655565
fake268,-0.20772811107866573,0.46028513238289204,-0.6680132434615578,319,0.5055055055055055,0.7922718889213343
fake269,0.34870882462805497,0.31089108910891095,0.037817735519144025,341,0.4694694694694695,1.348708824628055
fake270,-0.40097888035209794,-0.1661750245821042,-0.23480385576999374,346,0.4824824824824825,0.5990211196479021
fake271,0.49773168699694526,0.09118236472945895,0.4065493222674863,337,0.46346346346346345,1.4977316869969453
fake272,-0.01728585135086147,-0.24603174603174605,0.22874589468088458,320,0.5285285285285285,0.9827141486491385
fake273,0.04110238915878561,0.010858835143139123,0.03024355401564649,325,0.5175175175175175,1.0411023891587856
fake274,0.1640600100763605,0.1702786377708978,-0.006218627694537293,322,0.4994994994994995,1.1640600100763605
fake275,-0.12346220763684257,0.010858835143139123,-0.1343210427799817,326,0.47047047047047047,0.8765377923631574
fake276,0.4174773804277503,0.39009900990099,0.027378370526760287,341,0.5125125125125125,1.4174773804277503
fake277,-0.0020710662249318057,-0.09297725024727987,0.09090618402234807,313,0.5105105105105106,0.9979289337750682
fake278,0.16100894917186426,0.2816032887975335,-0.12059433962566923,328,0.4644644644644645,1.1610089491718643
fake279,-0.7623178398264533,-0.7677165354330708,0.005398695606617543,319,0.5035035035035035,0.23768216017354674
fake280,-0.17653708595449613,-0.282587064676617,0.10604997872212085,311,0.4744744744744745,0.8234629140455039
fake281,-0.2025402504122792,-0.3179959100204499,0.11545565960817072,337,0.5155155155155156,0.7974597495877208
fake282,0.40063008102997144,-0.012670565302144166,0.4133006463321156,331,0.48348348348348347,1.4006300810299714
fake283,1.7497806835743073,0.7130089374379345,1.0367717461363728,327,0.4894894894894895,2.7497806835743073
fake284,-0.33654129622278384,-0.062372188139059204,-0.27416910808372463,341,0.5065065065065065,0.6634587037772162
fake285,0.6452490619865625,0.8252525252525251,-0.18000346326596262,314,0.5005005005005005,1.6452490619865625
fake286,-0.0266695271209606,-0.5685441020191286,0.541874574898168,342,0.5165165165165165,0.9733304728790394
fake287,0.08606134269101706,0.23589743589743595,-0.14983609320641889,313,0.5055055055055055,1.086061342691017
fake288,-0.5445126255027429,-0.756294058408862,0.21178143290611906,335,0.5055055055055055,0.45548737449725707
fake289,0.43198411957893224,0.7589285714285714,-0.32694445184963916,323,0.5205205205205206,1.4319841195789322
fake290,0.2528877458453236,0.01588877855014892,0.23699896729517467,354,0.5245245245245245,1.2528877458453236
fake291,0.11741142277049255,0.08299999999999996,0.03441142277049258,360,0.4824824824824825,1.1174114227704925
fake292,0.7792000624375783,3.9312500000000004,-3.1520499375624222,332,0.5065065065065065,1.7792000624375783
fake293,-0.1822851136412642,-0.4536290322580645,0.2713439186168003,336,0.5205205205205206,0.8177148863587358
fake294,0.8138386965204649,0.875739644970414,-0.06190094844994909,334,0.5075075075075075,1.813838696520465
fake295,-0.11158213215416202,0.5675146771037181,-0.6790968092578801,338,0.4914914914914915,0.888417867845838
fake296,0.287097998457601,-0.004004004004004136,0.2911020024616051,349,0.5185185185185185,1.287097998457601
fake297,-0.24894516393134047,-0.22320550639134706,-0.02573965753999341,322,0.4774774774774775,0.7510548360686595
fake298,-0.26069217725214433,-0.39350912778904656,0.13281695053690223,343,0.47047047047047047,0.7393078227478557
fake299,1.0845133081876774,1.727366255144033,-0.6428529469563555,329,0.4864864864864865,2.0845133081876774
fake300,0.5801835467268841,0.01836734693877551,0.5618161997881086,336,0.5065065065065065,1.580183546726884
fake301,0.24819778904456635,0.19033530571992108,0.057862483324645275,316,0.5275275275275275,1.2481977890445664
fake302,-0.4107698999065965,0.017751479289940697,-0.4285213791965372,333,0.47847847847847846,0.5892301000934035
fake303,0.08959291129483482,0.1738693467336685,-0.08427643543883367,325,0.4984984984984985,1.0895929112948348
fake304,-0.2134138921792329,-0.007014028056112287,-0.2063998641231206,352,0.5295295295295295,0.7865861078207671
fake305,0.37647168263117314,0.19195979899497484,0.1845118836361983,335,0.5215215215215215,1.3764716826311731
fake306,-0.13336158025433154,0.5547738693467339,-0.6881354496010654,342,0.48348348348348347,0.8666384197456685
fake307,-0.20245979129349823,-0.06138613861386133,-0.1410736526796369,331,0.4974974974974975,0.7975402087065018
fake308,-0.47677674963641115,-0.762589928057554,0.28581317842114284,341,0.5205205205205206,0.5232232503635889
fake309,-0.12097272158091021,-0.3971486761710794,0.2761759545901692,322,0.5175175175175175,0.8790272784190898
fake310,0.6473337867595819,0.6512562814070353,-0.003922494647453423,320,0.5295295295295295,1.6473337867595819
fake311,-0.06636321686341462,-0.26593625498007956,0.19957303811666494,340,0.4824824824824825,0.9336367831365854
fake312,0.19892598460664268,0.7388282025819266,-0.5399022179752839,339,0.5105105105105106,1.1989259846066427
fake313,-0.40567522272737455,-0.2817904374364192,-0.12388478529095537,325,0.5005005005005005,0.5943247772726254
fake314,0.3004780959463951,0.4970000000000001,-0.19652190405360503,316,0.5285285285285285,1.300478095946395
fake315,0.1524958098242677,1.0717797443461161,-0.9192839345218484,330,0.4904904904904905,1.1524958098242677
fake316,0.29117539914079305,-0.031746031746031744,0.3229214308868248,302,0.5405405405405406,1.291175399140793
fake317,-0.2460393596106062,0.24821973550356047,-0.49425909511416666,351,0.4674674674674675,0.7539606403893938
fake318,-0.29758535288103527,-0.36633663366336633,0.06875128078233106,326,0.5115115115115115,0.7024146471189647
fake319,0.33076067658213937,0.25679758308157097,0.0739630935005684,324,0.5025025025025025,1.3307606765821394
fake320,0.9020350029664497,0.2694672131147542,0.6325677898516955,322,0.47047047047047047,1.9020350029664497
fake321,-0.6066402990337112,-0.5261083743842365,-0.08053192464947467,344,0.5045045045045045,0.39335970096628886
fake322,-0.33793791907733606,-0.5310199789695058,0.19308205989216976,308,0.5165165165165165,0.6620620809226639
fake323,-0.11330495474936131,1.0029673590504453,-1.1162723137998065,328,0.4984984984984985,0.8866950452506387
fake324,0.22864110788213932,-0.375886524822695,0.6045276327048343,340,0.5165165165165165,1.2286411078821393
fake325,-0.07278010804719359,-0.2203045685279188,0.1475244604807252,330,0.4844844844844845,0.9272198919528064
fake326,0.2991076621284361,1.2522889114954223,-0.9531812493669862,359,0.4914914914914915,1.299107662128436
fake327,0.6029654971082614,1.0089910089910088,-0.4060255118827474,340,0.5475475475475475,1.6029654971082614
fake328,-0.20902817071726,-0.21052631578947378,0.0014981450722137968,314,0.46046046046046046,0.79097182928274
fake329,0.30318605730809267,0.7630769230769232,-0.45989086576883054,300,0.5065065065065065,1.3031860573080927
fake330,0.5365240742491961,1.0524233432245302,-0.5158992689753341,350,0.5235235235235235,1.5365240742491961
fake331,0.10415304187099728,1.2915019762845854,-1.1873489344135881,349,0.4914914914914915,1.1041530418709973
fake332,-0.29013686735528665,0.2698249227600411,-0.5599617901153278,331,0.47847847847847846,0.7098631326447133
fake333,0.11301210297305331,0.09018036072144286,0.022831742251610443,325,0.43743743743743746,1.1130121029730533
fake334,0.006692927202012866,-0.04321608040200997,0.04990900760402284,318,0.4674674674674675,1.0066929272020129
fake335,-0.18380244144856084,-0.09746192893401007,-0.08634051251455077,305,0.5055055055055055,0.8161975585514392
fake336,0.10031277626835022,-0.3055286129970902,0.40584138926544044,362,0.47147147147147145,1.1003127762683502
fake337,-0.5546903182102801,-0.3244078269824924,-0.23028249122778777,321,0.48848848848848847,0.44530968178971986
fake338,0.07006118736022127,-0.5402184707050646,0.6102796580652858,352,0.48848848848848847,1.0700611873602213
fake339,0.07731577651938859,0.875,-0.7976842234806114,328,0.48348348348348347,1.0773157765193886
fake340,2.1780062960930078,2.9106256206554124,-0.7326193245624046,329,0.5145145145145145,3.1780062960930078
fake341,0.32501166591805086,1.209726443768997,-0.8847147778509461,337,0.5205205205205206,1.3250116659180509
fake342,-0.31347667708686544,-0.2859941234084231,-0.027482553678442323,347,0.4964964964964965,0.6865233229131346
fake343,-0.437861596978832,-0.49749247743229696,0.059630880453464985,306,0.5185185185185185,0.562138403021168
fake344,-0.5658615887612484,-0.7565392354124748,0.19067764665122644,326,0.5175175175175175,0.43413841123875163
fake345,-0.40550772546026614,0.20624408703878894,-0.6117518124990551,341,0.5315315315315315,0.5944922745397339
fake346,-0.41051427698279375,-0.2859960552268245,-0.12451822175596927,350,0.47147147147147145,0.5894857230172063
fake347,1.3968241157124108,0.49175557710960227,0.9050685386028086,328,0.4894894894894895,2.396824115712411
fake348,-0.20178537631115034,-0.2735562310030395,0.07177085469188915,322,0.4844844844844845,0.7982146236888497
fake349,0.2009621012743985,0.7512388503468783,-0.5502767490724798,328,0.4824824824824825,1.2009621012743985
fake350,0.41393049713527375,0.5544455544455544,-0.1405150573102807,342,0.5025025025025025,1.4139304971352737
fake351,0.3203373847541273,-0.055110220440881874,0.3754476051950092,321,0.5095095095095095,1.3203373847541273
fake352,0.9824239233952414,0.9401622718052738,0.04226165158996764,331,0.5235235235235235,1.9824239233952414
fake353,0.916963441623964,0.4764826175869121,0.4404808240370519,326,0.5215215215215215,1.916963441623964
fake354,0.37476707662383,1.6713426853707416,-1.2965756087469116,337,0.44844844844844844,1.37476707662383
fake355,-0.20619151724520057,-0.5375375375375375,0.33134602029233695,317,0.48848848848848847,0.7938084827547994
fake356,0.2720661111470819,-0.14995034756703074,0.42201645871411264,335,0.5055055055055055,1.272066111147082
fake357,-0.13850346624240717,0.39323671497584556,-0.5317401812182527,313,0.4824824824824825,0.8614965337575928
fake358,-0.2949774158970966,-0.10327198364008183,-0.19170543225701475,341,0.46346346346346345,0.7050225841029034
fake359,-0.2087965359357713,0.3722854188210962,-0.5810819547568675,341,0.4984984984984985,0.7912034640642287
fake360,-0.28043934830661144,-0.2786220871327254,-0.0018172611738860311,350,0.5165165165165165,0.7195606516933886
fake361,0.29732052860208236,0.4085365853658536,-0.11121605676377122,337,0.4844844844844845,1.2973205286020824
fake362,0.5345874375606106,1.0049850448654039,-0.4703976073047933,307,0.5165165165165165,1.5345874375606106
fake363,-0.5375949959419424,-0.48261758691206547,-0.05497740902987691,328,0.4964964964964965,0.4624050040580577
fake364,0.7539365896119186,0.5726744186046511,0.1812621710072675,322,0.5325325325325325,1.7539365896119186
fake365,-0.18706716089465303,-0.38247011952191223,0.1954029586272592,336,0.4904904904904905,0.812932839105347
fake366,1.0115982274405266,0.9910891089108911,0.02050911852963555,335,0.48848848848848847,2.0115982274405266
fake367,-0.27270100223593585,-0.15245737211634913,-0.12024363011958672,314,0.4624624624624625,0.7272989977640641
fake368,0.20156415335104283,-0.4964102564102564,0.6979744097612992,354,0.4864864864864865,1.2015641533510428
fake369,-0.19702967553881512,-0.35311572700296734,0.15608605146415222,319,0.48348348348348347,0.8029703244611849
fake370,-0.16697059654204005,-0.30421377183967124,0.1372431752976312,328,0.46846846846846846,0.83302940345796
fake371,-0.3206931324632951,-0.34503510531594783,0.024341972852652716,335,0.5165165165165165,0.6793068675367049
fake372,0.38294871953996656,2.109018830525273,-1.7260701109853063,320,0.5055055055055055,1.3829487195399666
fake373,0.15149898210549395,0.22897669706180368,-0.07747771495630973,341,0.46846846846846846,1.151498982105494
fake374,0.037639637756119004,-0.1503604531410917,0.1880000908972107,335,0.5095095095095095,1.037639637756119
fake375,-0.1112043016697718,-0.44635627530364375,0.33515197363387195,334,0.4594594594594595,0.8887956983302282
fake376,-0.363209701836289,1.0862944162436547,-1.4495041180799437,337,0.5045045045045045,0.636790298163711
fake377,-0.3478967693738153,-0.2975369458128079,-0.05035982356100743,333,0.4874874874874875,0.6521032306261847
fake378,-0.177935186499809,-0.4821428571428572,0.3042076706430482,335,0.4894894894894895,0.822064813500191
fake379,0.5412614331647236,0.46192384769539063,0.079337585469333,326,0.45645645645645644,1.5412614331647236
fake380,-0.18392272611449323,0.10495626822157433,-0.28887899433606756,314,0.5245245245245245,0.8160772738855068
fake381,-0.11568939920523902,-0.12195121951219501,0.00626182030695599,321,0.48848848848848847,0.884310600794761
fake382,-0.49046766080249793,-0.5936570862239842,0.10318942542148624,330,0.4674674674674675,0.5095323391975021
fake383,-0.4039978970940443,-0.13494461228600196,-0.26905328480804236,334,0.4854854854854855,0.5960021029059557
fake384,-0.23504505263320474,-0.3616161616161616,0.12657110898295687,348,0.4904904904904905,0.7649549473667953
fake385,-0.1197457342548478,0.3674698795180722,-0.48721561377292,330,0.5145145145145145,0.8802542657451522
fake386,0.32604644528185056,-0.24254473161033796,0.5685911768921885,340,0.5085085085085085,1.3260464452818506
fake387,-0.4659713091337099,0.23654822335025383,-0.7025195324839637,340,0.4974974974974975,0.5340286908662901
fake388,1.3833468926513643,0.5402892561983472,0.8430576364530171,326,0.5445445445445446,2.3833468926513643
fake389,-0.41103695426477216,-0.3525390625,-0.05849789176477216,323,0.48348348348348347,0.5889630457352278
fake390,1.1834740272468633,0.12512413108242293,1.0583498961644404,334,0.5305305305305306,2.1834740272468633
fake391,0.41235108514752183,-0.25743589743589745,0.6697869825834193,301,0.4904904904904905,1.4123510851475218
fake392,-0.15498425755024547,-0.012935323383084674,-0.1420489341671608,350,0.5325325325325325,0.8450157424497545
fake393,0.0024578721833639072,0.021384928716904117,-0.01892705653354021,310,0.4844844844844845,1.002457872183364
fake394,0.2588207978217234,-0.0769990128331689,0.3358198106548923,315,0.5175175175175175,1.2588207978217234
fake395,-0.222559698598073,-0.3146509341199607,0.0920912355218877,300,0.5235235235235235,0.777440301401927
fake396,-0.37191611460601626,-0.40641158221303,0.03449546760701372,337,0.5295295295295295,0.6280838853939837
fake397,-0.2364434800644708,-0.5256281407035176,0.2891846606390468,325,0.4914914914914915,0.7635565199355292
fake398,0.540742614441517,0.7967806841046279,-0.2560380696631108,308,0.4874874874874875,1.540742614441517
fake399,0.09812849345690133,-0.08183632734530943,0.17996482080221077,321,0.4844844844844845,1.0981284934569013
fake400,-0.32175466580817025,0.03389830508474567,-0.3556529708929159,351,0.48848848848848847,0.6782453341918298
fake401,0.4774563906116833,0.618434093161546,-0.14097770254986264,337,0.5125125125125125,1.4774563906116833
fake402,-0.263524925782169,-0.47088866189989786,0.20736373611772885,357,0.5235235235235235,0.736475074217831
fake403,-0.17872229439029363,-0.26976284584980237,0.09104055145950873,329,0.4774774774774775,0.8212777056097064
fake404,0.42235662383323214,-0.12719751809720792,0.54955414193044,343,0.4894894894894895,1.4223566238332321
fake405,-0.42329954712484985,-0.2640394088669952,-0.15926013825785468,324,0.4864864864864865,0.5767004528751501
fake406,-0.053558014894389494,0.024925224327019047,-0.07848323922140854,338,0.45345345345345345,0.9464419851056105
fake407,0.2180652623606254,0.2668004012036109,-0.048735138842985526,339,0.47647647647647645,1.2180652623606254
fake408,0.16136137700474107,0.1671525753158407,-0.0057911983110996434,342,0.5035035035035035,1.161361377004741
fake409,1.0558930819588301,0.6593406593406592,0.3965524226181709,325,0.5175175175175175,2.05589308195883
fake410,0.27989993166092186,1.367063492063492,-1.0871635604025702,330,0.44344344344344344,1.2798999316609219
fake411,-0.007019645945359643,-0.3423967774420946,0.335377131496735,317,0.4844844844844845,0.9929803540546404
fake412,-0.12787124867598798,-0.1635282457879088,0.03565699711192083,349,0.5095095095095095,0.872128751324012
fake413,-0.44367418295122973,-0.49135300101729396,0.04767881806606422,325,0.5255255255255256,0.5563258170487703
fake414,0.8409983726542369,0.4927083333333333,0.34829003932090363,353,0.5035035035035035,1.840998372654237
fake415,0.09449460804269694,-0.015166835187057637,0.10966144322975457,329,0.4874874874874875,1.094494608042697
fake416,0.2537860180857041,0.5971370143149284,-0.34335099622922427,327,0.48148148148148145,1.2537860180857041
fake417,-0.29065532330237165,-0.3007135575942915,0.010058234291919876,323,0.5205205205205206,0.7093446766976284
fake418,-0.1751622931102187,0.020345879959308144,-0.19550817306952684,319,0.47147147147147145,0.8248377068897813
fake419,-0.2561867332346144,0.3247524752475248,-0.5809392084821392,316,0.4644644644644645,0.7438132667653856
fake420,2.2809829589530874,1.550204918032787,0.7307780409203004,329,0.5015015015015015,3.2809829589530874
fake421,0.03348387132144759,0.008902077151335286,0.024581794170112303,355,0.4624624624624625,1.0334838713214476
fake422,-0.2176949931111275,-0.27684729064039415,0.05915229752926665,346,0.4894894894894895,0.7823050068888725
fake423,-0.14840816781421629,0.4284294234592443,-0.5768375912734606,338,0.44344344344344344,0.8515918321857837
fake424,0.017889378808228162,-0.31275303643724706,0.3306424152454752,321,0.5255255255255256,1.0178893788082282
fake425,-0.2071207681428574,-0.2532663316582914,0.046145563515433974,347,0.4984984984984985,0.7928792318571426
fake426,-0.154234101199328,-0.38258317025440325,0.22834906905507524,328,0.5465465465465466,0.845765898800672
fake427,-0.36052093537494423,-0.44844844844844844,0.08792751307350422,323,0.4794794794794795,0.6394790646250558
fake428,0.8406005368862424,1.7280000000000002,-0.8873994631137578,337,0.4794794794794795,1.8406005368862424
fake429,0.14533700070845956,0.8069999999999999,-0.6616629992915404,338,0.5135135135135135,1.1453370007084596
fake430,0.7133367911760686,0.2965174129353232,0.41681937824074544,323,0.5055055055055055,1.7133367911760686
fake431,-0.15062808730156485,-0.33703329969727547,0.18640521239571062,328,0.5375375375375375,0.8493719126984351
fake432,-0.6661470186215872,-0.7489795918367348,0.08283257321514759,354,0.4924924924924925,0.33385298137841274
fake433,-0.11136073574409444,-0.631163708086785,0.5198029723426906,331,0.5125125125125125,0.8886392642559056
fake434,0.18690766816865945,0.4567164179104477,-0.26980874974178826,362,0.5295295295295295,1.1869076681686594
fake435,0.13168003230184055,0.5077239958805355,-0.37604396357869496,328,0.5395395395395396,1.1316800323018406
fake436,-0.20227979466988077,-0.234375,0.032095205330119225,317,0.5125125125125125,0.7977202053301192
fake437,0.2648825220881006,0.21884498480243164,0.04603753728566895,347,0.5185185185185185,1.2648825220881006
fake438,0.34067531944568086,-0.24467005076142123,0.5853453702071021,344,0.4954954954954955,1.3406753194456809
fake439,0.26769651915924775,0.7413793103448278,-0.4736827911855801,340,0.5145145145145145,1.2676965191592477
fake440,0.4475544033526697,0.49899598393574274,-0.05144158058307302,329,0.5105105105105106,1.4475544033526697
fake441,0.22122170583477563,0.21926229508196737,0.001959410752808255,342,0.5475475475475475,1.2212217058347756
fake442,0.07152735126252452,-0.34271844660194184,0.41424579786446636,317,0.5065065065065065,1.0715273512625245
fake443,0.9315526308452569,-0.050000000000000044,0.9815526308452569,311,0.5195195195195195,1.9315526308452569
fake444,0.10398298539901552,-0.008928571428571397,0.11291155682758691,331,0.5105105105105106,1.1039829853990155
fake445,-0.05236841789600477,0.5609999999999999,-0.6133684178960047,294,0.46646646646646645,0.9476315821039952
fake446,-0.1971293050776992,-0.34114052953156826,0.14401122445386905,351,0.4854854854854855,0.8028706949223008
fake447,0.035769188010247976,0.26263627353815666,-0.22686708552790869,338,0.47147147147147145,1.035769188010248
fake448,0.14899459734991316,0.42653061224489797,-0.2775360148949848,341,0.5155155155155156,1.1489945973499132
fake449,-0.2199586603708078,0.23412698412698396,-0.45408564449779176,301,0.4924924924924925,0.7800413396291922
fake450,0.35115267987173326,0.5491803278688525,-0.19802764799711925,311,0.4924924924924925,1.3511526798717333
fake451,-0.507120412240275,-0.5772681954137586,0.07014778317348358,318,0.4954954954954955,0.49287958775972496
fake452,-0.14131465865274206,-0.4416243654822335,0.30030970682949143,341,0.5105105105105106,0.8586853413472579
fake453,-0.012481210585926217,-0.16349047141424278,0.15100926082831656,323,0.46146146146146144,0.9875187894140738
fake454,-0.22406508096374167,-0.22030651340996155,-0.0037585675537801233,334,0.4984984984984985,0.7759349190362583
fake455,-0.17957532865859271,-0.4703018500486854,0.2907265213900927,334,0.47647647647647645,0.8204246713414073
fake456,-0.33803489126364705,-0.6013847675568743,0.26334987629322726,344,0.5165165165165165,0.661965108736353
fake457,-0.3436863000700313,-0.5238578680203045,0.18017156795027323,335,0.5335335335335335,0.6563136999299687
fake458,0.8501544441160425,2.170708050436469,-1.3205536063204266,334,0.5145145145145145,1.8501544441160425
fake459,-0.3213755437473991,0.0973630831643002,-0.4187386269116993,326,0.5215215215215215,0.6786244562526009
fake460,1.0052098103888776,0.326941514860978,0.6782682955278996,341,0.5185185185185185,2.0052098103888776
fake461,0.3317796912541091,0.7443991853360488,-0.41261949408193965,312,0.4854854854854855,1.331779691254109
fake462,0.2538023972771877,0.8761149653121902,-0.6223125680350026,342,0.48348348348348347,1.2538023972771877
fake463,0.10308194475387666,0.22860020140986914,-0.12551825665599248,343,0.5295295295295295,1.1030819447538767
fake464,0.4327732993051372,0.17731958762886602,0.2554537116762712,338,0.4934934934934935,1.4327732993051372
fake465,0.9724624275002465,0.5069444444444444,0.46551798305580205,331,0.47647647647647645,1.9724624275002465
fake466,-0.07051388143428805,0.4278350515463918,-0.49834893298067984,330,0.48148148148148145,0.929486118565712
fake467,0.8525420943283737,3.3513779527559056,-2.498835858427532,361,0.5045045045045045,1.8525420943283737
fake468,0.42930113349699406,0.299502487562189,0.12979864593480506,338,0.5185185185185185,1.429301133496994
fake469,-0.5039218291355438,-0.5915065722952477,0.08758474315970388,300,0.4894894894894895,0.4960781708644561
fake470,0.3489638761357903,2.1780538302277432,-1.829089954091953,321,0.4974974974974975,1.3489638761357903
fake471,0.5616051584893731,1.5559006211180124,-0.9942954626286393,323,0.5185185185185185,1.561605158489373
fake472,-0.14761484125831392,0.1900497512437811,-0.337664592502095,346,0.4954954954954955,0.8523851587416861
fake473,0.11679315323366302,0.9182083739045765,-0.8014152206709135,340,0.5385385385385385,1.116793153233663
fake474,0.2331961572025285,0.412109375,-0.1789132177974715,342,0.4694694694694695,1.2331961572025285
fake475,0.12008103603614306,0.7532994923857868,-0.6332184563496437,339,0.48148148148148145,1.120081036036143
fake476,0.7167812803809883,0.8816568047337274,-0.1648755243527391,337,0.5215215215215215,1.7167812803809883
fake477,-0.184643682126443,-0.0344129554655872,-0.1502307266608558,329,0.4594594594594595,0.815356317873557
fake478,-0.3012507696614031,-0.2682186234817814,-0.03303214617962169,334,0.4914914914914915,0.6987492303385969
fake479,0.5420247191096934,0.5564278704612364,-0.01440315135154302,354,0.5255255255255256,1.5420247191096934
fake480,0.24114846208371343,0.4960707269155207,-0.25492226483180724,347,0.5005005005005005,1.2411484620837134
fake481,-0.20176633966289648,-0.023976023976024052,-0.17779031568687242,324,0.5125125125125125,0.7982336603371035
fake482,1.0932218951387735,1.3251533742331287,-0.2319314790943552,341,0.4934934934934935,2.0932218951387735
fake483,0.14013068241125137,0.5357502517623365,-0.3956195693510851,284,0.4984984984984985,1.1401306824112514
fake484,-0.41863345666031215,-0.39178356713426854,-0.026849889526043613,342,0.5155155155155156,0.5813665433396878
fake485,0.8219487666602519,1.0628166160081056,-0.24086784934785377,350,0.5205205205205206,1.8219487666602519
fake486,0.1482470148745767,-0.35437881873727095,0.5026258336118476,329,0.5145145145145145,1.1482470148745767
fake487,-0.07481024633732869,0.2755511022044088,-0.3503613485417375,335,0.5075075075075075,0.9251897536626713
fake488,0.7384513761484279,0.7833500501504513,-0.04489867400202341,347,0.46346346346346345,1.738451376148428
fake489,-0.535114482092598,-0.6821782178217821,0.14706373572918408,323,0.4964964964964965,0.46488551790740196
fake490,-0.2794216617814823,-0.40118577075098816,0.12176410896950585,343,0.5015015015015015,0.7205783382185177
fake491,-0.3642674720604734,0.22166998011928407,-0.5859374521797575,344,0.47647647647647645,0.6357325279395266
fake492,-0.3965060816995861,0.27646454265159304,-0.6729706243511792,345,0.5125125125125125,0.6034939183004139
fake493,0.15541302657970246,-0.013306038894575156,0.16871906547427762,328,0.4994994994994995,1.1554130265797025
fake494,1.151122560754204,1.3933747412008284,-0.24225218044662444,335,0.5095095095095095,2.151122560754204
fake495,-0.5010018432445651,-0.7134268537074149,0.21242501046284978,317,0.4974974974974975,0.4989981567554349
fake496,-0.41376466793799505,0.2912423625254581,-0.7050070304634531,342,0.47147147147147145,0.586235332062005
fake497,0.005398630044189723,0.02564102564102555,-0.020242395596835827,339,0.46346346346346345,1.0053986300441897
fake498,0.15007851187401533,0.061061061061060906,0.08901745081295442,315,0.5435435435435435,1.1500785118740153
fake499,-0.14818038032255576,-0.22758620689655173,0.07940582657399597,330,0.4644644644644645,0.8518196196774442
fake500,0.022034554132559725,-0.07606490872210958,0.0980994628546693,322,0.4914914914914915,1.0220345541325597
fake501,0.2653456212254546,0.41769547325102874,-0.15234985202557416,330,0.5145145145145145,1.2653456212254546
fake502,0.18395141875297893,-0.146484375,0.33043579375297893,337,0.5185185185185185,1.183951418752979
fake503,-0.18971715701203007,-0.14457831325301218,-0.04513884375901789,349,0.4994994994994995,0.8102828429879699
fake504,0.5341173729436919,0.2542542542542541,0.2798631186894378,345,0.4804804804804805,1.5341173729436919
fake505,-0.2703916175337867,-0.632398753894081,0.36200713636029425,337,0.4924924924924925,0.7296083824662133
fake506,0.3969082091789262,0.43907351460221555,-0.042165305423289334,351,0.4754754754754755,1.3969082091789262
fake507,-0.016487497627502012,0.31099476439790563,-0.32748226202540764,365,0.4844844844844845,0.983512502372498
fake508,-0.5165696014621816,-0.16567460317460314,-0.3508949982875784,372,0.4724724724724725,0.48343039853781844
fake509,-0.49574351155693563,-0.419939577039275,-0.07580393451766065,316,0.4724724724724725,0.5042564884430644
fake510,1.0552540906851609,1.3726829268292682,-0.31742883614410733,356,0.45645645645645644,2.055254090685161
fake511,0.13807401732876046,0.7356870229007635,-0.597613005572003,330,0.5215215215215215,1.1380740173287605
fake512,0.23619622386760586,1.198355601233299,-0.9621593773656931,303,0.4724724724724725,1.2361962238676059
fake513,-0.4426874365216016,-0.4524291497975709,0.009741713275969288,325,0.5235235235235235,0.5573125634783984
fake514,-0.21439373530510009,-0.4696969696969697,0.25530323439186964,345,0.4954954954954955,0.7856062646948999
fake515,0.30246571386014853,-0.10313447927199204,0.4056001931321406,310,0.4694694694694695,1.3024657138601485
fake516,-0.24975483351194128,-0.3310208126858275,0.08126597917388623,339,0.5125125125125125,0.7502451664880587
fake517,-0.33388050835719707,-0.6809338521400778,0.3470533437828808,346,0.5035035035035035,0.6661194916428029
fake518,-0.0925814546024506,0.8722592945662535,-0.9648407491687041,318,0.4804804804804805,0.9074185453975494
fake519,-0.30139927319036564,-0.5951417004048583,0.2937424272144926,336,0.5235235235235235,0.6986007268096344
fake520,1.0689818616008284,1.264073694984647,-0.19509183338381852,317,0.5025025025025025,2.0689818616008284
fake521,0.17350041214745082,-0.04935834155972363,0.22285875370717445,328,0.5335335335335335,1.1735004121474508
fake522,-0.41896648869589725,-0.6689386562804285,0.24997216758453122,319,0.5145145145145145,0.5810335113041027
fake523,-0.023463226612663646,-0.479313824419778,0.45585059780711434,333,0.4854854854854855,0.9765367733873364
fake524,0.07858481158382613,0.17611940298507456,-0.09753459140124843,337,0.4994994994994995,1.0785848115838261
fake525,0.28995260151229507,0.3309644670050762,-0.04101186549278113,320,0.5585585585585585,1.289952601512295
fake526,-0.5804209022877325,-0.7416073245167853,0.16118642222905288,340,0.4844844844844845,0.41957909771226753
fake527,-0.4443298187038549,-0.3547430830039525,-0.08958673569990239,327,0.44344344344344344,0.5556701812961451
fake528,-0.2974649879967579,-0.4989837398373984,0.2015187518406405,334,0.4624624624624625,0.7025350120032421
fake529,0.08012095773820871,-0.06920762286860593,0.14932858060681464,344,0.5245245245245245,1.0801209577382087
fake530,-0.5348855027144606,-0.5464646464646465,0.011579143750185983,295,0.4914914914914915,0.46511449728553944
fake531,0.7270885433006,0.8033472803347277,-0.07625873703412767,347,0.4904904904904905,1.7270885433006
fake532,-0.6593693138772727,-0.6817288801571708,0.022359566279898102,358,0.4994994994994995,0.3406306861227273
fake533,-0.35860418358880475,0.25757575757575757,-0.6161799411645623,364,0.48848848848848847,0.6413958164111953
fake534,0.6990310139906224,0.0449550449550451,0.6540759690355773,331,0.5235235235235235,1.6990310139906224
fake535,0.024504289337618834,-0.5460852329038652,0.5705895222414841,342,0.5275275275275275,1.0245042893376188
fake536,-0.05949918002516319,0.07624633431085037,-0.13574551433601356,344,0.4864864864864865,0.9405008199748368
fake537,-0.2964232322305568,-0.4306640625,0.13424083026944322,297,0.5175175175175175,0.7035767677694432
fake538,0.9264045708237416,0.7635270541082164,0.1628775167155252,346,0.5115115115115115,1.9264045708237416
fake539,0.4090241906487886,0.3158425832492431,0.09318160739954551,342,0.48848848848848847,1.4090241906487886
fake540,0.2709856545452123,1.0020120724346078,-0.7310264178893955,340,0.4954954954954955,1.2709856545452123
fake541,-0.24713368200152852,-0.23804780876494014,-0.009085873236588382,337,0.4984984984984985,0.7528663179984715
fake542,-0.411448009225009,-0.5059760956175299,0.09452808639252086,327,0.5555555555555556,0.588551990774991
fake543,-0.045322240956469306,0.12287712287712282,-0.16819936383359213,324,0.5145145145145145,0.9546777590435307
fake544,-0.17772285064410254,-0.01342975206611563,-0.1642930985779869,358,0.5065065065065065,0.8222771493558975
fake545,0.0029682741949619285,0.514792899408284,-0.5118246252133221,384,0.4924924924924925,1.002968274194962
fake546,-0.21795984506789656,-0.3194856577645895,0.10152581269669292,327,0.5235235235235235,0.7820401549321034
fake547,-0.3006272328207912,0.5371485943775101,-0.8377758271983012,356,0.5045045045045045,0.6993727671792088
fake548,0.36400077440339196,-0.24057971014492752,0.6045804845483195,359,0.5385385385385385,1.364000774403392
fake549,-0.12409261450252662,-0.06207565470417076,-0.062016959798355864,344,0.5125125125125125,0.8759073854974734
fake550,0.6123477942357933,0.4856262833675564,0.1267215108682369,312,0.46346346346346345,1.6123477942357933
fake551,-0.05299595528028411,-0.11290322580645151,0.0599072705261674,373,0.5285285285285285,0.9470040447197159
fake552,0.05396737111891281,-0.36633663366336633,0.42030400478227914,322,0.4994994994994995,1.0539673711189128
fake553,0.7612220281605935,0.48230535894843274,0.27891666921216074,349,0.4934934934934935,1.7612220281605935
fake554,-0.1825928044088415,0.3868686868686868,-0.5694614912775283,362,0.4874874874874875,0.8174071955911585
fake555,0.0798942380596146,0.6754832146490335,-0.5955889765894189,332,0.4934934934934935,1.0798942380596146
fake556,0.7194843033434282,0.4149797570850202,0.30450454625840795,313,0.4984984984984985,1.7194843033434282
fake557,0.5734750503581383,0.08902077151335308,0.4844542788447852,341,0.5235235235235235,1.5734750503581383
fake558,-0.3451848011479992,-0.25635808748728384,-0.08882671366071537,319,0.48348348348348347,0.6548151988520008
fake559,0.494055299919008,0.20199004975124368,0.2920652501677643,338,0.46346346346346345,1.494055299919008
fake560,-0.30270510032513265,-0.6278118609406953,0.32510676061556265,329,0.5245245245245245,0.6972948996748674
fake561,-0.456015096042269,-0.499496475327291,0.04348137928502205,321,0.5395395395395396,0.543984903957731
fake562,-0.2506190574950218,-0.4311740890688259,0.18055503157380415,321,0.5105105105105106,0.7493809425049782
fake563,-0.472747302270915,-0.15857284440039643,-0.31417445787051856,351,0.4864864864864865,0.527252697729085
fake564,-0.3027896929857321,-0.5945121951219512,0.2917225021362191,352,0.5005005005005005,0.6972103070142679
fake565,0.12969847702774095,0.6796407185628741,-0.5499422415351332,354,0.5115115115115115,1.129698477027741
fake566,-0.1618203017169747,-0.45254745254745254,0.29072715083047784,362,0.5205205205205206,0.8381796982830253
fake567,-0.20557236733831952,0.30232558139534893,-0.5078979487336684,345,0.4824824824824825,0.7944276326616805
fake568,0.9148907648526317,1.1313229571984436,-0.2164321923458119,331,0.5055055055055055,1.9148907648526317
fake569,-0.3785733159224476,-0.6198770491803278,0.24130373325788024,344,0.4994994994994995,0.6214266840775524
fake570,0.6745177705997876,0.3039014373716631,0.3706163332281245,355,0.5205205205205206,1.6745177705997876
fake571,0.32129465909318067,0.5456349206349207,-0.22434026154174003,341,0.4824824824824825,1.3212946590931807
fake572,-0.19929589747698606,0.4156626506024095,-0.6149585480793955,328,0.45845845845845845,0.8007041025230139
fake573,0.272292428245025,0.9848331648129423,-0.7125407365679173,323,0.4544544544544545,1.272292428245025
fake574,0.10589671334166728,0.7834331337325351,-0.6775364203908678,330,0.5135135135135135,1.1058967133416673
fake575,-0.11925575015181722,-0.4693467336683417,0.35009098351652446,339,0.4744744744744745,0.8807442498481828
fake576,0.9750404242347681,1.8667992047713717,-0.8917587805366036,329,0.5435435435435435,1.975040424234768
fake577,-0.2659322125484683,-0.5823412698412698,0.31640905729280144,327,0.4754754754754755,0.7340677874515317
fake578,0.13817958942356978,0.050515463917525816,0.08766412550604397,287,0.4744744744744745,1.1381795894235698
fake579,-0.19127492992583506,-0.6332350049164208,0.44196007499058576,344,0.4844844844844845,0.8087250700741649
fake580,0.14803940374676983,0.07799999999999985,0.07003940374676998,360,0.5225225225225225,1.1480394037467698
fake581,0.5534034672063171,1.1555772994129159,-0.6021738322065988,306,0.4744744744744745,1.553403467206317
fake582,-0.4794059698686467,-0.2587991718426501,-0.2206067980259966,306,0.4804804804804805,0.5205940301313533
fake583,0.1690283896709679,0.25428859737638754,-0.08526020770541964,356,0.46146146146146144,1.169028389670968
fake584,0.41308364627989413,0.9237623762376237,-0.5106787299577296,352,0.4874874874874875,1.4130836462798941
fake585,0.1538436936157377,0.22924901185770752,-0.07540531824196983,352,0.4854854854854855,1.1538436936157377
fake586,-0.310590799271079,-0.2727272727272727,-0.037863526543806314,318,0.5025025025025025,0.689409200728921
fake587,-0.373725641719739,-0.606404958677686,0.23267931695794697,320,0.5115115115115115,0.626274358280261
fake588,-0.1751977816966741,0.5430597771023304,-0.7182575587990045,325,0.5275275275275275,0.8248022183033259
fake589,0.13955859578760155,0.45048543689320364,-0.3109268411056021,343,0.5165165165165165,1.1395585957876015
fake590,0.38530658591538236,0.6861386138613863,-0.30083202794600394,327,0.4914914914914915,1.3853065859153824
fake591,-0.4471785055609714,-0.46734693877551026,0.020168433214538872,351,0.5105105105105106,0.5528214944390286
fake592,-0.5027955892321841,-0.45417515274949083,-0.04862043648269332,309,0.5185185185185185,0.49720441076781585
fake593,-0.46575100829118143,-0.6328852119958635,0.16713420370468202,320,0.5215215215215215,0.5342489917088186
fake594,0.7808255114208775,-0.2217973231357553,1.0026228345566328,347,0.4844844844844845,1.7808255114208775
fake595,-0.03535255037765084,-0.19641076769690913,0.1610582173192583,346,0.4894894894894895,0.9646474496223492
fake596,-0.08376091370272554,-0.3360323886639677,0.25227147496124214,305,0.5105105105105106,0.9162390862972745
fake597,-0.31023835944759814,-0.5778688524590163,0.26763049301141817,348,0.5055055055055055,0.6897616405524019
fake598,-0.4952441480991492,-0.6543456543456543,0.1591015062465051,327,0.4894894894894895,0.5047558519008508
fake599,-0.04822669841827365,0.12635735439289242,-0.17458405281116607,330,0.4804804804804805,0.9517733015817263
fake600,0.3621641951345562,-0.11693548387096775,0.47909967900552397,314,0.5375375375375375,1.3621641951345562
fake601,-0.15801382529324393,0.3932135728542916,-0.5512273981475355,305,0.5055055055055055,0.8419861747067561
fake602,0.09636787542736003,0.1665043816942553,-0.07013650626689527,351,0.4904904904904905,1.09636787542736
fake603,0.6064989432478365,0.7353515625,-0.1288526192521635,333,0.5135135135135135,1.6064989432478365
fake604,-0.6044492987980726,-0.7089627391742195,0.10451344037614685,326,0.4904904904904905,0.39555070120192737
fake605,0.3646997648179944,-0.03149606299212604,0.3961958278101204,330,0.4964964964964965,1.3646997648179944
fake606,0.15316464881234393,1.2574055158324824,-1.1042408670201385,334,0.5165165165165165,1.153164648812344
fake607,0.37274785384055975,0.2456676860346585,0.12708016780590126,339,0.5125125125125125,1.3727478538405598
fake608,-0.12288492127135353,-0.4842958459979736,0.36141092472662006,355,0.4904904904904905,0.8771150787286465
fake609,-0.6334093839711508,-0.7888446215139442,0.15543523754279343,346,0.48348348348348347,0.3665906160288493
fake610,-0.17360864416992083,-0.2586037364798427,0.08499509230992186,324,0.4794794794794795,0.8263913558300792
fake611,-0.22146625358753325,-0.03465346534653457,-0.18681278824099867,337,0.5305305305305306,0.7785337464124668
fake612,0.2522184271722969,-0.05714285714285716,0.3093612843151541,347,0.46846846846846846,1.252218427172297
fake613,0.26122331009185196,-0.1615154536390827,0.42273876373093466,310,0.4444444444444444,1.261223310091852
fake614,0.6387199208869379,0.12065439672801648,0.5180655241589214,343,0.4974974974974975,1.6387199208869379
fake615,0.257280724148262,-0.061491935483870885,0.31877265963213286,294,0.5055055055055055,1.257280724148262
fake616,0.12686721196645134,0.46216768916155426,-0.3353004771951029,310,0.5335335335335335,1.1268672119664513
fake617,0.4320884655556496,0.21130952380952395,0.22077894174612567,324,0.5195195195195195,1.4320884655556496
fake618,-0.34950147307883717,-0.22982635342185898,-0.11967511965697819,325,0.5085085085085085,0.6504985269211628
fake619,0.28540839489869185,0.07055214723926384,0.214856247659428,327,0.48848848848848847,1.2854083948986919
fake620,0.5437485058334222,4.284158415841584,-3.740409910008162,300,0.4914914914914915,1.5437485058334222
fake621,0.21342671260349144,-0.2752752752752753,0.48870198787876673,318,0.48148148148148145,1.2134267126034914
fake622,0.009153147603443434,0.6639676113360324,-0.654814463732589,321,0.5175175175175175,1.0091531476034434
fake623,-0.18805262054802463,-0.5829195630585899,0.3948669425105653,349,0.4984984984984985,0.8119473794519754
fake624,0.057748162856785745,0.09108716944172368,-0.033339006584937936,323,0.4624624624624625,1.0577481628567857
fake625,0.09277281360786649,-0.07849133537206943,0.17126414897993592,338,0.4794794794794795,1.0927728136078665
fake626,0.12611538735383965,-0.06916996047430823,0.19528534782814788,373,0.4924924924924925,1.1261153873538396
fake627,0.04225436626019885,0.6899470899470901,-0.6476927236868912,329,0.4744744744744745,1.0422543662601989
fake628,-0.2838204742085437,-0.13990147783251228,-0.14391899637603145,339,0.5195195195195195,0.7161795257914563
fake629,0.432832192166962,0.4051724137931034,0.02765977837385858,334,0.5075075075075075,1.432832192166962
fake630,0.4787414176210578,2.164506480558325,-1.6857650629372671,328,0.4844844844844845,1.4787414176210578
fake631,-0.44487814181830976,-0.5727091633466135,0.12783102152830372,338,0.5095095095095095,0.5551218581816902
fake632,0.333034573639601,0.16732673267326725,0.16570784096633373,296,0.4944944944944945,1.333034573639601
fake633,0.07703849342830815,-0.4664634146341463,0.5435019080624545,315,0.46846846846846846,1.0770384934283082
fake634,-0.39429622106467255,-0.34718100890207715,-0.0471152121625954,328,0.4804804804804805,0.6057037789353275
fake635,0.006961238751237442,-0.22745490981963934,0.23441614857087678,324,0.5085085085085085,1.0069612387512374
fake636,-0.27445053209809755,-0.345,0.07054946790190242,351,0.4944944944944945,0.7255494679019024
fake637,-0.20693094632475184,0.25458248472505085,-0.4615134310498027,359,0.4934934934934935,0.7930690536752482
fake638,-0.10186458337768922,-0.5060362173038229,0.40417163392613364,303,0.5255255255255256,0.8981354166223108
fake639,-0.5445360914080977,-0.5105105105105106,-0.034025580897587115,344,0.5265265265265265,0.4554639085919023
fake640,-0.32885568647212027,0.023138832997988024,-0.3519945194701083,314,0.5425425425425425,0.6711443135278797
fake641,8.221257578733265e-05,0.7569515962924818,-0.7568693837166944,337,0.4804804804804805,1.0000822125757873
fake642,-0.057457399959362165,0.6952479338842976,-0.7527053338436598,329,0.5185185185185185,0.9425426000406378
fake643,-0.4821651566810057,-0.41788143828960145,-0.06428371839140423,341,0.4974974974974975,0.5178348433189943
fake644,0.5666741675391862,1.0331991951710262,-0.46652502763184,307,0.46046046046046046,1.5666741675391862
fake645,0.5770352132551857,1.1663346613545817,-0.589299448099396,320,0.5455455455455456,1.5770352132551857
fake646,-0.3714352876907038,-0.2345924453280318,-0.13684284236267197,332,0.5055055055055055,0.6285647123092962
fake647,0.4055155742908203,-0.1089808274470232,0.5144964017378435,332,0.5095095095095095,1.4055155742908203
fake648,0.3806059351890274,-0.0030800821355235763,0.383686017324551,345,0.5265265265265265,1.3806059351890274
fake649,-0.5590410807999486,-0.6415478615071284,0.08250678070717976,307,0.5255255255255256,0.4409589192000514
fake650,0.033114050409636775,0.5601577909270217,-0.5270437405173849,335,0.47647647647647645,1.0331140504096368
fake651,0.14544483293627497,0.1857976653696498,-0.04035283243337484,339,0.4914914914914915,1.145444832936275
fake652,-0.28016677253701305,-0.4914744232698094,0.21130765073279634,354,0.48848848848848847,0.719833227462987
fake653,2.2327750501221795,1.7566241413150148,0.4761509088071647,341,0.5035035035035035,3.2327750501221795
fake654,-0.03373279698226617,-0.03499999999999992,0.0012672030177337534,339,0.5125125125125125,0.9662672030177338
fake655,0.16234653067231797,1.2965235173824134,-1.1341769867100955,332,0.4874874874874875,1.162346530672318
fake656,-0.20977728762653425,0.34812623274161725,-0.5579035203681515,345,0.4924924924924925,0.7902227123734658
fake657,0.2738050767144016,0.11066799601196431,0.16313708070243726,327,0.5125125125125125,1.2738050767144016
fake658,0.042486332071788535,0.16501976284584985,-0.12253343077406131,351,0.4674674674674675,1.0424863320717885
fake659,-0.4097418935687779,-0.45663010967098694,0.04688821610220906,301,0.4924924924924925,0.5902581064312221
fake660,-0.09158870992247659,1.01001001001001,-1.1015987199324866,332,0.5165165165165165,0.9084112900775234
fake661,0.19762712014050932,-0.40697674418604657,0.6046038643265559,335,0.44344344344344344,1.1976271201405093
fake662,-0.1654079097405462,0.1848049281314168,-0.350212837871963,326,0.5115115115115115,0.8345920902594538
fake663,0.5391110127591188,0.05555555555555558,0.4835554572035632,370,0.4754754754754755,1.5391110127591188
fake664,-0.04219686612840068,0.24573721163490458,-0.28793407776330526,334,0.5045045045045045,0.9578031338715993
fake665,-0.26117114663279317,-0.15431472081218267,-0.1068564258206105,330,0.4844844844844845,0.7388288533672068
fake666,-0.10134127060511189,-0.006042296072507614,-0.09529897453260427,336,0.5255255255255256,0.8986587293948881
fake667,-0.33487805434455575,0.23435948361469716,-0.5692375379592529,318,0.4694694694694695,0.6651219456554442
fake668,0.3058974861634176,0.45245245245245247,-0.14655496628903486,297,0.5185185185185185,1.3058974861634176
fake669,0.03488396807139038,0.23167155425219943,-0.19678758618080905,326,0.4954954954954955,1.0348839680713904
fake670,0.0028862677876599907,-0.05699481865284983,0.05988108644050982,341,0.4874874874874875,1.00288626778766
fake671,1.8160841200119364,3.9525222551928785,-2.136438135180942,345,0.5005005005005005,2.8160841200119364
fake672,0.37763491802525007,0.3417593528816987,0.03587556514355139,345,0.5225225225225225,1.37763491802525
fake673,0.43208526606340114,0.5928934010152285,-0.16080813495182733,320,0.4994994994994995,1.4320852660634011
fake674,0.14836285391260962,0.15274949083503064,-0.004386636922421028,349,0.4694694694694695,1.1483628539126096
fake675,0.8382069197559161,0.03662258392675488,0.8015843358291612,345,0.47847847847847846,1.838206919755916
fake676,-0.2169874507712154,-0.25246548323471407,0.03547803246349868,297,0.46346346346346345,0.7830125492287846
fake677,-0.3571038934563756,-0.4032258064516129,0.04612191299523727,319,0.48848848848848847,0.6428961065436244
fake678,0.38772782215139423,0.21471774193548399,0.17301008021591024,345,0.4924924924924925,1.3877278221513942
fake679,0.13499549829454116,0.12884043607532214,0.006155062219219021,327,0.5515515515515516,1.1349954982945412
fake680,0.4056162026275081,0.6590683845391476,-0.25345218191163954,333,0.4914914914914915,1.405616202627508
fake681,0.07215267809919745,-0.3065326633165828,0.37868534141578025,333,0.5325325325325325,1.0721526780991975
fake682,-0.21955729079453068,-0.3744979919678715,0.1549407011733408,334,0.5025025025025025,0.7804427092054693
fake683,0.2132670067930318,-0.13994169096209907,0.35320869775513086,331,0.5375375375375375,1.2132670067930318
fake684,-0.443795530789594,-0.6107106076210094,0.16691507683141538,352,0.5165165165165165,0.556204469210406
fake685,-0.0719103228185769,0.03100000000000014,-0.10291032281857704,333,0.5015015015015015,0.9280896771814231
fake686,-0.508112841893082,-0.720440881763527,0.21232803987044502,342,0.4494494494494494,0.491887158106918
fake687,0.8406431056891219,0.679245283018868,0.16139782267025393,338,0.5035035035035035,1.840643105689122
fake688,-0.2961753547329853,-0.23017408123791105,-0.06600127349507423,328,0.5355355355355356,0.7038246452670147
fake689,-0.12343554888041153,-0.2993827160493828,0.1759471671689713,351,0.5075075075075075,0.8765644511195885
fake690,0.0608534106161398,-0.09081836327345316,0.15167177388959296,309,0.4964964964964965,1.0608534106161398
fake691,0.2723125615348796,-0.24104549854791868,0.5133580600827983,328,0.48348348348348347,1.2723125615348796
fake692,0.24732260971789466,0.6357142857142857,-0.388391675996391,330,0.47147147147147145,1.2473226097178947
fake693,-0.30260305131210463,-0.03277060575968227,-0.26983244555242236,334,0.4954954954954955,0.6973969486878954
fake694,-0.1906256948807683,-0.42661448140900193,0.23598878652823363,350,0.4854854854854855,0.8093743051192317
fake695,-0.5799183689734455,-0.7202729044834308,0.14035453550998533,321,0.5545545545545546,0.42008163102655455
fake696,-0.11817335695489473,-0.3713163064833005,0.25314294952840577,329,0.5215215215215215,0.8818266430451053
fake697,-0.37783533284811743,-0.13424124513618663,-0.2435940877119308,328,0.5205205205205206,0.6221646671518826
fake698,0.3781232522260196,0.36475409836065587,0.013369153865363748,349,0.5395395395395396,1.3781232522260196
fake699,-0.013040660173621377,0.7338476374156222,-0.7468882975892436,291,0.4794794794794795,0.9869593398263786
fake700,0.5683039698107639,-0.2591093117408907,0.8274132815516546,335,0.47147147147147145,1.568303969810764
fake701,-0.20627079483046828,0.4247258225324029,-0.6309966173628712,342,0.5265265265265265,0.7937292051695317
fake702,1.074624087031136,2.3258655804480646,-1.2512414934169285,318,0.5095095095095095,2.074624087031136
fake703,0.013079294277170916,0.5425963488843815,-0.5295170546072105,337,0.47647647647647645,1.013079294277171
fake704,-0.17156537045474085,0.13922764227642292,-0.3107930127311638,324,0.4904904904904905,0.8284346295452591
fake705,0.5623162470572591,0.7188434695912262,-0.15652722253396711,318,0.5195195195195195,1.5623162470572591
fake706,-0.10981262883592113,0.12438302073050345,-0.23419564956642458,356,0.48148148148148145,0.8901873711640789
fake707,0.357332887545353,0.6369930761622158,-0.2796601886168628,337,0.47347347347347346,1.357332887545353
fake708,0.49444369706581814,0.257367387033399,0.23707631003241914,326,0.5015015015015015,1.4944436970658181
fake709,-0.127689802193644,-0.37676767676767675,0.24907787457403274,347,0.4964964964964965,0.872310197806356
fake710,-0.4063566670700459,-0.6326530612244898,0.22629639415444391,331,0.4994994994994995,0.5936433329299541
fake711,-0.19644454039420356,-0.3190854870775348,0.12264094668333125,343,0.5055055055055055,0.8035554596057964
fake712,-0.29632907814422094,-0.2530487804878049,-0.043280297656416056,340,0.5025025025025025,0.7036709218557791
fake713,-0.321349367181862,-0.6902834008097166,0.3689340336278546,344,0.48148148148148145,0.678650632818138
fake714,0.05794350798960601,0.08392315470171896,-0.025979646712112947,308,0.4904904904904905,1.057943507989606
fake715,-0.29535065568838137,-0.020568070519099035,-0.27478258516928233,338,0.5045045045045045,0.7046493443116186
fake716,-0.22649855885397863,-0.5487077534791253,0.32220919462514663,317,0.4864864864864865,0.7735014411460214
fake717,-0.3842587451140348,-0.44303797468354433,0.05877922956950954,329,0.4924924924924925,0.6157412548859652
fake718,0.38776658848087253,0.6336336336336337,-0.24586704515276114,353,0.4994994994994995,1.3877665884808725
fake719,-0.020468782846206235,-0.3127490039840637,0.29228022113785745,328,0.47147147147147145,0.9795312171537938
fake720,0.18467807904913425,-0.38147410358565736,0.5661521826347916,336,0.5015015015015015,1.1846780790491342
fake721,-0.21322626854612037,-0.2279635258358662,0.014737257289745842,331,0.48848848848848847,0.7867737314538796
fake722,0.7224502666890695,-0.028571428571428692,0.7510216952604982,329,0.4864864864864865,1.7224502666890695
fake723,0.41746291423297066,0.12878048780487816,0.2886824264280925,329,0.4994994994994995,1.4174629142329707
fake724,-0.3116078325492936,0.3484119345524541,-0.6600197671017477,295,0.5385385385385385,0.6883921674507064
fake725,-0.0751451023682328,-0.4989733059548255,0.4238282035865927,327,0.5105105105105106,0.9248548976317672
fake726,1.1534522568801067,0.8031189083820662,0.35033334849804043,328,0.4874874874874875,2.1534522568801067
fake727,-0.1463943151773912,-0.24630541871921185,0.09991110354182065,326,0.5105105105105106,0.8536056848226088
fake728,-0.21137489708123525,0.12413108242303883,-0.3355059795042741,320,0.4754754754754755,0.7886251029187648
fake729,0.07979444713552941,-0.04527559055118113,0.12507003768671054,356,0.4984984984984985,1.0797944471355294
fake730,0.34458884146200086,0.434038267875126,-0.08944942641312514,333,0.5115115115115115,1.3445888414620009
fake731,-0.0457072285095933,-0.09054726368159205,0.04484003517199875,328,0.5055055055055055,0.9542927714904067
fake732,0.05977575238272026,0.3274509803921568,-0.26767522800943655,358,0.5075075075075075,1.0597757523827203
fake733,0.08006420975004347,0.22681451612903225,-0.14675030637898878,335,0.5315315315315315,1.0800642097500435
fake734,0.3452498846259322,0.05538771399798592,0.2898621706279463,364,0.5025025025025025,1.3452498846259322
fake735,1.3732422833034903,0.36632653061224496,1.0069157526912453,344,0.4724724724724725,2.3732422833034903
fake736,1.4089572860122197,2.125121241513094,-0.7161639555008743,346,0.5085085085085085,2.4089572860122197
fake737,-0.1144850480415679,0.5053140096618358,-0.6197990577034037,350,0.5405405405405406,0.8855149519584321
fake738,-0.4199692623164696,-0.3366733466933868,-0.0832959156230828,343,0.48848848848848847,0.5800307376835304
fake739,0.4121404087246414,1.143430290872618,-0.7312898821479765,335,0.5065065065065065,1.4121404087246414
fake740,0.46711368519438157,0.3532934131736527,0.11382027202072886,327,0.4854854854854855,1.4671136851943816
fake741,0.7713767373186335,1.6950852557673017,-0.9237085184486682,326,0.4594594594594595,1.7713767373186335
fake742,0.08852842393192284,0.032355915065722884,0.056172508866199955,320,0.5225225225225225,1.0885284239319228
fake743,-0.454669143400648,-0.24923702950152593,-0.20543211389912208,338,0.4924924924924925,0.545330856599352
fake744,0.5847177214831847,0.9339901477832511,-0.3492724263000664,326,0.4644644644644645,1.5847177214831847
fake745,0.1555225751391731,-0.06592292089249474,0.22144549603166785,331,0.5125125125125125,1.1555225751391731
fake746,0.4714348057011404,0.5998033431661749,-0.12836853746503452,333,0.5115115115115115,1.4714348057011404
fake747,-0.2062984875399565,-0.09489795918367361,-0.11140052835628289,335,0.4924924924924925,0.7937015124600435
fake748,-0.06871170450058472,0.21073558648111312,-0.27944729098169785,323,0.4984984984984985,0.9312882954994153
fake749,0.24714942099698978,0.49591002044989785,-0.24876059945290807,313,0.5195195195195195,1.2471494209969898
fake750,-0.3306980397173265,-0.35925196850393704,0.02855392878661056,317,0.5155155155155156,0.6693019602826735
fake751,0.2858526366358929,0.0741106719367588,0.2117419646991341,337,0.5375375375375375,1.2858526366358929
fake752,-0.23105019361734325,0.3969543147208121,-0.6280045083381554,325,0.47647647647647645,0.7689498063826568
fake753,0.5208189088800856,0.16868686868686877,0.35213204019321687,335,0.4974974974974975,1.5208189088800856
fake754,-0.2868047166378006,-0.34036144578313254,0.05355672914533194,358,0.5355355355355356,0.7131952833621994
fake755,1.375061535807304,2.6034836065573774,-1.2284220707500735,322,0.48348348348348347,2.375061535807304
fake756,-0.458537040827141,-0.4301181102362205,-0.028418930590920488,336,0.5255255255255256,0.541462959172859
fake757,-0.01607734747140166,0.7119140625,-0.7279914099714017,313,0.5285285285285285,0.9839226525285983
fake758,-0.18720450912436315,-0.30177514792899407,0.11457063880463092,357,0.5415415415415415,0.8127954908756369
fake759,-0.2602887916706459,-0.489296636085627,0.22900784441498112,333,0.5095095095095095,0.7397112083293541
fake760,-0.5741939865517613,-0.13452027695351132,-0.43967370959825003,327,0.4984984984984985,0.4258060134482386
fake761,-0.14175809207977286,-0.35603715170278627,0.2142790596230134,339,0.5145145145145145,0.8582419079202271
fake762,-0.008267860707501185,0.9012219959266803,-0.9094898566341815,334,0.4904904904904905,0.9917321392924988
fake763,0.7962455203755328,0.4152106885919835,0.38103483178354924,328,0.4954954954954955,1.7962455203755328
fake764,-0.39158036079748704,-0.42981606969990327,0.03823570890241623,314,0.48348348348348347,0.608419639202513
fake765,0.06775281707211511,-0.4627606752730884,0.5305134923452035,360,0.5395395395395396,1.0677528170721151
fake766,0.19159541878270603,-0.022954091816367317,0.21454951059907335,293,0.5245245245245245,1.191595418782706
fake767,-0.08208228123540073,-0.1217750257997936,0.03969274456439287,320,0.5095095095095095,0.9179177187645993
fake768,-0.5910823916285696,-0.7392176529588766,0.14813526133030708,341,0.4874874874874875,0.40891760837143043
fake769,-0.26970185253534096,-0.563777994157741,0.29407614162240003,341,0.5105105105105106,0.730298147464659
fake770,0.4456521721984945,0.646825396825397,-0.20117322462690246,354,0.5105105105105106,1.4456521721984945
fake771,-0.37048712925436555,-0.4471865745310958,0.07669944527673023,326,0.5245245245245245,0.6295128707456344
fake772,0.27397926437603837,1.511111111111111,-1.2371318467350727,351,0.48848848848848847,1.2739792643760384
fake773,-0.12151356975270877,-0.2545090180360722,0.1329954482833634,329,0.5075075075075075,0.8784864302472912
fake774,-0.12353388239374186,0.3267838676318511,-0.45031775002559293,310,0.5105105105105106,0.8764661176062581
fake775,0.03615790289897847,0.16176470588235303,-0.12560680298337457,340,0.4974974974974975,1.0361579028989785
fake776,0.2957241255086631,-0.15506958250497027,0.4507937080136334,329,0.46146146146146144,1.2957241255086631
fake777,-0.5646012914647336,-0.27684729064039415,-0.28775400082433944,306,0.44544544544544545,0.43539870853526647
fake778,-0.49262585663383307,-0.5886454183266931,0.09601956169286008,340,0.4774774774774775,0.5073741433661669
fake779,0.07977018233894362,0.8543589743589741,-0.7745887920200305,346,0.47047047047047047,1.0797701823389436
fake780,0.054691506424209946,0.6017526777020448,-0.5470611712778348,323,0.4934934934934935,1.05469150642421
fake781,-0.22854362652973947,1.0209163346613548,-1.2494599611910941,340,0.4924924924924925,0.7714563734702605
fake782,0.5400725398625585,0.5671794871794871,-0.02710694731692853,303,0.5025025025025025,1.5400725398625585
fake783,-0.5616756100713153,-0.6593625498007968,0.0976869397294815,329,0.5295295295295295,0.4383243899286847
fake784,0.42722842297113295,0.8998998998998999,-0.472671476928767,335,0.5115115115115115,1.427228422971133
fake785,-0.2063098357968337,-0.23397761953204477,0.02766778373521106,340,0.5005005005005005,0.7936901642031663
fake786,0.17580403452288507,-0.4945919370698132,0.6703959715926983,332,0.46346346346346345,1.175804034522885
fake787,0.10486984286545153,0.25373134328358193,-0.1488615004181304,340,0.5235235235235235,1.1048698428654515
fake788,-0.6264285897193397,-0.29793814432989685,-0.32849044538944283,320,0.4994994994994995,0.3735714102806603
fake789,-0.3474483348750961,-0.5473790322580645,0.19993069738296843,320,0.5155155155155156,0.6525516651249039
fake790,0.6379087698793398,0.2794715447154472,0.35843722516389254,340,0.44844844844844844,1.6379087698793398
fake791,-0.37506890719251906,-0.6050505050505051,0.229981597857986,360,0.5055055055055055,0.6249310928074809
fake792,-0.1676439332472638,0.7955239064089521,-0.9631678396562159,314,0.5115115115115115,0.8323560667527362
fake793,-0.11752785443582225,-0.4179104477611941,0.30038259332537187,323,0.44544544544544545,0.8824721455641777
fake794,-0.0006763376088730899,0.3673469387755104,-0.3680232763843835,360,0.4794794794794795,0.9993236623911269
fake795,0.3552573983617717,1.4073705179282872,-1.0521131195665154,314,0.5285285285285285,1.3552573983617717
fake796,-0.1512784843054492,-0.3265306122448981,0.1752521279394489,324,0.5205205205205206,0.8487215156945508
fake797,0.06384032653346683,0.24224224224224233,-0.1784019157087755,330,0.4974974974974975,1.0638403265334668
fake798,0.005237299753872993,-0.25576730190571717,0.26100460165959016,359,0.4894894894894895,1.005237299753873
fake799,0.7899382806859889,0.6868076535750252,0.10313062711096377,316,0.5075075075075075,1.789938280685989
fake800,-0.18281118595543777,0.039054470709146916,-0.2218656566645847,344,0.5135135135135135,0.8171888140445622
fake801,-0.2947036793661927,-0.6908548707753479,0.3961511914091552,314,0.5085085085085085,0.7052963206338073
fake802,0.07704861115924966,0.10364683301343569,-0.026598221854186033,331,0.5045045045045045,1.0770486111592497
fake803,0.5559706045450366,0.0009980039920158834,0.5549726005530207,319,0.5175175175175175,1.5559706045450366
fake804,-0.39054373531781994,-0.27932405566600405,-0.1112196796518159,344,0.4954954954954955,0.6094562646821801
fake805,-0.16808863942832764,0.23779854620976115,-0.4058871856380888,322,0.48148148148148145,0.8319113605716724
fake806,-0.08697009228913433,0.567,-0.6539700922891343,334,0.47847847847847846,0.9130299077108657
fake807,0.1883281143197777,-0.025201612903225756,0.21352972722300345,315,0.4904904904904905,1.1883281143197777
fake808,0.39556719376154503,-0.19257086999022488,0.5881380637517699,356,0.5065065065065065,1.395567193761545
fake809,-0.625980830177213,-0.5296523517382413,-0.09632847843897163,308,0.5075075075075075,0.374019169822787
fake810,0.18982018936865375,-0.18009950248756224,0.369919691856216,356,0.5095095095095095,1.1898201893686537
fake811,0.20079529486153058,0.7250755287009063,-0.5242802338393757,362,0.4934934934934935,1.2007952948615306
fake812,-0.2754576098114693,-0.5240040858018385,0.24854647599036928,326,0.47847847847847846,0.7245423901885307
fake813,-0.007224125036712992,0.595766129032258,-0.602990254068971,308,0.4914914914914915,0.992775874963287
fake814,0.47974472819388825,0.06986027944111783,0.4098844487527704,320,0.4724724724724725,1.4797447281938882
fake815,-0.21622104553375354,0.0379487179487179,-0.25416976348247144,359,0.4864864864864865,0.7837789544662465
fake816,-0.40084486972354916,-0.3864970645792565,-0.01434780514429268,331,0.5165165165165165,0.5991551302764508
fake817,1.3711561027386585,0.753968253968254,0.6171878487704046,337,0.47847847847847846,2.3711561027386585
fake818,0.5350545940822318,0.2316326530612245,0.3034219410210073,356,0.5005005005005005,1.5350545940822318
fake819,-0.33645193785177785,-0.3136456211812627,-0.022806316670515137,352,0.5065065065065065,0.6635480621482222
fake820,0.40354980112027516,-0.3661971830985915,0.7697469842188667,322,0.4924924924924925,1.4035498011202752
fake821,0.6872135809358495,1.4124124124124124,-0.7251988314765629,337,0.5215215215215215,1.6872135809358495
fake822,-0.21888136358912003,-0.09242871189773838,-0.12645265169138165,311,0.5155155155155156,0.78111863641088
fake823,0.9350193311992885,1.4260230849947537,-0.49100375379546524,333,0.5115115115115115,1.9350193311992885
fake824,-0.14386447075797748,0.11634615384615365,-0.26021062460413114,334,0.4954954954954955,0.8561355292420225
fake825,-0.6397985206798755,-0.7072927072927073,0.0674941866128318,321,0.4844844844844845,0.3602014793201245
fake826,-0.09370698397534238,-0.06218655967903719,-0.031520424296305194,324,0.47347347347347346,0.9062930160246576
fake827,-0.2893236069416393,-0.2958984375,0.0065748305583607225,299,0.5385385385385385,0.7106763930583607
fake828,1.4994150587887698,1.5548654244306417,-0.05545036564187189,316,0.4794794794794795,2.49941505878877
fake829,0.6894648432673713,0.31104356636271535,0.378421276904656,331,0.47847847847847846,1.6894648432673713
fake830,0.12390402572682135,-0.15909090909090906,0.2829949348177304,306,0.5095095095095095,1.1239040257268214
fake831,-0.0030087946780048558,0.40899795501022496,-0.4120067496882298,341,0.4994994994994995,0.9969912053219951
fake832,-0.4251861186570335,-0.44969818913480886,0.024512070477775372,325,0.5045045045045045,0.5748138813429665
fake833,0.22089128101727895,-0.06600000000000006,0.286891281017279,337,0.5095095095095095,1.220891281017279
fake834,0.23136644205617718,-0.04576436222005831,0.2771308042762355,370,0.4824824824824825,1.2313664420561772
fake835,-0.28221354418246214,-0.6077844311377245,0.3255708869552624,331,0.4934934934934935,0.7177864558175379
fake836,-0.1017841463298379,-0.4626262626262626,0.3608421162964247,361,0.5195195195195195,0.8982158536701621
fake837,0.1687200298728575,0.13793103448275867,0.030788995390098828,351,0.5015015015015015,1.1687200298728575
fake838,-0.19592430255987614,0.29105211406096365,-0.4869764166208398,348,0.44744744744744747,0.8040756974401239
fake839,0.4132936754491532,-0.017119838872104776,0.43041351432125796,325,0.48148148148148145,1.4132936754491532
fake840,-0.061542265974416366,0.05108055009823187,-0.11262281607264824,355,0.4904904904904905,0.9384577340255836
fake841,0.2809964565832841,0.6244979919678713,-0.34350153538458716,332,0.5215215215215215,1.280996456583284
fake842,0.05288526884275346,-0.09741550695825052,0.15030077580100398,320,0.5005005005005005,1.0528852688427535
fake843,-0.5119840675387182,-0.17184466019417488,-0.3401394073445433,346,0.5045045045045045,0.4880159324612819
fake844,0.664890243109697,0.0730282375851996,0.5918620055244974,326,0.5315315315315315,1.664890243109697
fake845,0.01839887157858322,0.038652130822596664,-0.020253259244013444,328,0.4794794794794795,1.0183988715785832
fake846,-0.2766384212148396,0.01725888324873104,-0.29389730446357065,323,0.5095095095095095,0.7233615787851604
fake847,-0.20835607909906706,-0.202416918429003,-0.005939160670064059,334,0.5105105105105106,0.7916439209009329
fake848,0.014934158278817167,-0.23146292585170347,0.24639708413052064,330,0.4904904904904905,1.0149341582788172
fake849,-0.3454315591465542,-0.5237134207870837,0.1782818616405295,329,0.5495495495495496,0.6545684408534458
fake850,0.004236686937133083,-0.33699999999999997,0.34123668693713305,320,0.4844844844844845,1.004236686937133
fake851,-0.10122114175748664,-0.09036144578313254,-0.0108596959743541,310,0.5095095095095095,0.8987788582425134
fake852,-0.10727148395542352,0.6636993076162216,-0.7709707915716452,334,0.4804804804804805,0.8927285160445765
fake853,-0.4039010443223575,-0.6556556556556556,0.25175461133329813,321,0.4994994994994995,0.5960989556776425
fake854,0.18240497423545388,1.3564257028112445,-1.1740207285757907,326,0.5225225225225225,1.1824049742354539
fake855,-0.1289159848802518,-0.6012084592145015,0.4722924743342497,346,0.5115115115115115,0.8710840151197482
fake856,-0.11712485813303042,0.347782258064516,-0.46490711619754643,325,0.5155155155155156,0.8828751418669696
fake857,0.0752076782552964,0.3459183673469386,-0.2707106890916422,344,0.4724724724724725,1.0752076782552964
fake858,1.5155682491148208,1.8382642998027614,-0.3226960506879406,345,0.5335335335335335,2.515568249114821
fake859,-0.2863795606566485,-0.27606177606177607,-0.010317784594872426,347,0.48848848848848847,0.7136204393433515
fake860,-0.34585995072282294,-0.6096361848574238,0.26377623413460083,314,0.4744744744744745,0.6541400492771771
fake861,-0.23106455048718344,0.34985133795837453,-0.580915888445558,307,0.4694694694694695,0.7689354495128166
fake862,0.12198073638315021,-0.23650637880274772,0.35848711518589793,337,0.4974974974974975,1.1219807363831502
fake863,1.014112853217204,1.450538687561214,-0.43642583434401017,347,0.4944944944944945,2.014112853217204
fake864,-0.3488359820647211,-0.324974924774323,-0.023861057290398113,335,0.4944944944944945,0.6511640179352789
fake865,0.7857172595646997,0.27391742195367574,0.511799837611024,315,0.46146146146146144,1.7857172595646997
fake866,0.7502207596270476,1.2180527383367141,-0.46783197870966653,322,0.5055055055055055,1.7502207596270476
fake867,0.15199155007951726,0.5429999999999999,-0.39100844992048267,305,0.5145145145145145,1.1519915500795173
fake868,-0.14061074205568813,-0.2905472636815921,0.14993652162590398,341,0.4914914914914915,0.8593892579443119
fake869,-0.23852341561166568,-0.06986444212721588,-0.1686589734844498,346,0.4854854854854855,0.7614765843883343
fake870,0.493186937311463,1.6615384615384614,-1.1683515242269984,336,0.5355355355355356,1.493186937311463
fake871,-0.0028503442440648286,-0.050658561296859195,0.047808217052794366,322,0.48348348348348347,0.9971496557559352
fake872,-0.13365477168179551,0.419740777666999,-0.5533955493487945,338,0.4574574574574575,0.8663452283182045
fake873,-0.19328975787647007,-0.47619047619047616,0.2829007183140061,308,0.5095095095095095,0.8067102421235299
fake874,0.2457900589840536,1.2136498516320473,-0.9678597926479937,344,0.5115115115115115,1.2457900589840536
fake875,-0.41445500812032,-0.499,0.08454499187968001,329,0.4894894894894895,0.58554499187968
fake876,-0.21317010264757053,-0.3811434302908727,0.1679733276433022,333,0.5215215215215215,0.7868298973524295
fake877,0.0667146748542633,0.26,-0.1932853251457367,334,0.5245245245245245,1.0667146748542633
fake878,0.3663132688824553,-0.2569444444444444,0.6232577133268997,320,0.5385385385385385,1.3663132688824553
fake879,0.6028299087543714,0.49747729566094856,0.10535261309342281,342,0.4964964964964965,1.6028299087543714
fake880,1.7537437205183193,1.7927927927927927,-0.039049072274473406,326,0.5125125125125125,2.7537437205183193
fake881,-0.20972341194554378,-0.03556910569105687,-0.1741543062544869,304,0.4864864864864865,0.7902765880544562
fake882,-0.34743869930522386,-0.23589743589743584,-0.11154126340778803,349,0.5215215215215215,0.6525613006947761
fake883,0.2138702969658215,0.10123966942148765,0.11263062754433384,342,0.4914914914914915,1.2138702969658215
fake884,-0.19936701376640764,-0.5080482897384306,0.308681275972023,345,0.4964964964964965,0.8006329862335924
fake885,-0.1520731720608116,-0.13205645161290325,-0.020016720447908365,332,0.4934934934934935,0.8479268279391884
fake886,0.0314692770836964,-0.13218970736629676,0.16365898444999316,334,0.47347347347347346,1.0314692770836964
fake887,-0.2845419034474882,0.5661116552399608,-0.850653558687449,346,0.5025025025025025,0.7154580965525118
fake888,-0.3173656791321795,-0.39152371342078707,0.07415803428860757,311,0.5275275275275275,0.6826343208678205
fake889,-0.3712954465441216,-0.701417004048583,0.33012155750446137,343,0.5085085085085085,0.6287045534558784
fake890,0.4592633142745435,1.0118343195266268,-0.5525710052520834,325,0.5125125125125125,1.4592633142745435
fake891,0.4047452851193609,1.3125618199802176,-0.9078165348608567,342,0.4964964964964965,1.404745285119361
fake892,-0.12681888228323568,-0.5897435897435898,0.4629247074603541,314,0.5205205205205206,0.8731811177167643
fake893,-0.1288940196459215,0.5064935064935066,-0.6353875261394281,329,0.4904904904904905,0.8711059803540785
fake894,-0.38564201462401393,-0.7047817047817048,0.31913969015769084,345,0.4794794794794795,0.6143579853759861
fake895,0.09307075380815277,-0.45211122554067973,0.5451819793488325,335,0.5185185185185185,1.0930707538081528
fake896,-0.1918873234181857,-0.44488977955911824,0.25300245614093253,324,0.5055055055055055,0.8081126765818143
fake897,-0.07922918484431074,0.2809756097560976,-0.36020479460040833,326,0.5095095095095095,0.9207708151556893
fake898,-0.018718807984861696,0.3307163886162905,-0.3494351966011522,352,0.4904904904904905,0.9812811920151383
fake899,-0.260079154453307,0.32950990615224196,-0.5895890606055489,330,0.4844844844844845,0.739920845546693
fake900,0.1025936952512223,-0.13201970443349753,0.23461339968471984,342,0.4874874874874875,1.1025936952512223
fake901,-0.21967640990181658,-0.6374085684430513,0.4177321585412347,312,0.4924924924924925,0.7803235900981834
fake902,0.6870275383493238,0.5646123260437375,0.12241521230558638,310,0.47347347347347346,1.6870275383493238
fake903,1.0204920985845627,1.6449348044132397,-0.624442705828677,332,0.4974974974974975,2.0204920985845627
fake904,0.002038025397089971,-0.05278592375366575,0.054823949150755724,315,0.4954954954954955,1.00203802539709
fake905,-0.46778509144489355,-0.6986986986986987,0.23091360725380516,348,0.5145145145145145,0.5322149085551064
fake906,-0.18591344036922441,-0.6053412462908012,0.4194278059215768,331,0.5395395395395396,0.8140865596307756
fake907,-0.2220748223253528,-0.43799212598425197,0.21591730365889916,334,0.5255255255255256,0.7779251776746472
fake908,0.5649985714648871,0.25855130784708247,0.3064472636178046,344,0.4934934934934935,1.564998571464887
fake909,-0.18627473139197714,-0.07547169811320753,-0.11080303327876961,335,0.44744744744744747,0.8137252686080229
fake910,0.2774141192396624,-0.07522567703109329,0.3526397962707557,318,0.4944944944944945,1.2774141192396624
fake911,0.36314432323535617,-0.12512413108242304,0.4882684543177792,344,0.5185185185185185,1.3631443232353562
fake912,0.14373797466072902,0.40891089108910905,-0.26517291642838003,333,0.5085085085085085,1.143737974660729
fake913,-0.23530717538751889,-0.20282542885973764,-0.03248174652778124,330,0.5085085085085085,0.7646928246124811
fake914,0.002821752834996527,0.2785065590312814,-0.2756848061962849,331,0.4794794794794795,1.0028217528349965
fake915,1.2364091098938568,0.7846938775510202,0.4517152323428366,342,0.4994994994994995,2.2364091098938568
fake916,-0.3803336261951574,-0.4811507936507936,0.10081716745563618,311,0.5315315315315315,0.6196663738048426
fake917,0.6021778822946804,0.8890010090817355,-0.2868231267870551,333,0.5005005005005005,1.6021778822946804
fake918,-0.5631288944513073,-0.6020100502512562,0.038881155799948885,340,0.4804804804804805,0.4368711055486927
fake919,-0.27112308787306283,0.14188532555879507,-0.4130084134318579,319,0.5185185185185185,0.7288769121269372
fake920,-0.08597832973859754,-0.3957115009746588,0.30973317123606126,305,0.5215215215215215,0.9140216702614025
fake921,-0.20059367474158674,-0.32930513595166155,0.12871146121007482,348,0.42042042042042044,0.7994063252584133
fake922,-0.2287583152670497,0.2110453648915187,-0.4398036801585684,328,0.5415415415415415,0.7712416847329503
fake923,0.3112808608235902,1.1650992685475443,-0.8538184077239541,321,0.4944944944944945,1.3112808608235902
fake924,-0.2570861486469199,-0.4751984126984127,0.21811226405149275,333,0.5045045045045045,0.7429138513530801
fake925,0.7736724880262376,3.9524733268671195,-3.178800838840882,332,0.46146146146146144,1.7736724880262376
fake926,-0.35111302317720394,-0.22145669291338588,-0.12965633026381806,349,0.48848848848848847,0.6488869768227961
fake927,0.22108133492797033,0.09371884346959125,0.12736249145837908,330,0.5255255255255256,1.2210813349279703
fake928,0.09252597979418731,0.22970297029702968,-0.13717699050284238,338,0.4744744744744745,1.0925259797941873
fake929,-0.1983505478459625,-0.03944773175542404,-0.15890281609053847,334,0.5005005005005005,0.8016494521540375
fake930,-0.12218242164729143,2.2490079365079363,-2.3711903581552276,373,0.4984984984984985,0.8778175783527086
fake931,-0.1074057016565283,-0.17688442211055277,0.06947872045402448,329,0.4994994994994995,0.8925942983434717
fake932,-0.5405190360624539,-0.529121421520237,-0.011397614542216883,316,0.5045045045045045,0.4594809639375461
fake933,-0.5376207195970342,-0.5354645354645354,-0.0021561841324987396,328,0.5195195195195195,0.4623792804029658
fake934,0.027656597220056423,0.03100000000000014,-0.003343402779943716,330,0.4394394394394394,1.0276565972200564
fake935,-0.32143950188672443,-0.17529880478087645,-0.14614069710584798,311,0.5155155155155156,0.6785604981132756
fake936,-0.19588558647365883,-0.5663461538461538,0.370460567372495,368,0.5025025025025025,0.8041144135263412
fake937,1.8362590793448943,2.0405940594059406,-0.20433498006104633,336,0.4804804804804805,2.8362590793448943
fake938,0.5618574094686104,0.6342685370741481,-0.0724111276055377,361,0.4794794794794795,1.5618574094686104
fake939,0.7200675578665758,0.4414414414414414,0.27862611642513446,325,0.5025025025025025,1.7200675578665758
fake940,-0.4506083972091268,-0.43799999999999994,-0.012608397209126876,337,0.4844844844844845,0.5493916027908732
fake941,-0.5690733146023101,-0.4104104104104105,-0.15866290419189966,350,0.44844844844844844,0.4309266853976898
fake942,-0.13734012219800684,-0.2664670658682635,0.12912694367025668,317,0.5015015015015015,0.8626598778019932
fake943,0.21954016611269678,-0.333000997008973,0.5525411631216698,321,0.4864864864864865,1.2195401661126968
fake944,-0.13155713293006976,0.26390293225480277,-0.39546006518487253,330,0.5025025025025025,0.8684428670699302
fake945,-0.07233135649846789,-0.1270935960591134,0.05476223956064552,354,0.48348348348348347,0.9276686435015321
fake946,0.11211675068931704,0.7691542288557214,-0.6570374781664043,327,0.5005005005005005,1.112116750689317
fake947,-0.05091595362537671,0.16032064128256507,-0.21123659490794178,302,0.4804804804804805,0.9490840463746233
fake948,-0.38921467359495254,-0.5312199807877042,0.14200530719275162,329,0.4954954954954955,0.6107853264050475
fake949,-0.0820396101597729,0.028397565922920975,-0.11043717608269388,327,0.4914914914914915,0.9179603898402271
fake950,-0.008433095588714523,0.34979838709677424,-0.35823148268548877,321,0.47347347347347346,0.9915669044112855
fake951,0.194729792511261,-0.11926605504587151,0.3139958475571325,346,0.5165165165165165,1.194729792511261
fake952,0.23024212297962499,-0.19393939393939397,0.42418151691901895,347,0.5155155155155156,1.230242122979625
fake953,0.1739744960166958,0.1925777331995988,-0.01860323718290302,322,0.5305305305305306,1.1739744960166958
fake954,-0.32829644338304065,-0.05128205128205132,-0.2770143921009893,339,0.4914914914914915,0.6717035566169594
fake955,-0.08656663250809093,-0.11639185257032014,0.029825220062229207,317,0.48348348348348347,0.9134333674919091
fake956,0.08492666209363842,0.451776649746193,-0.3668499876525546,336,0.5215215215215215,1.0849266620936384
fake957,-0.1370991868870418,-0.022426095820591296,-0.11467309106645052,345,0.48348348348348347,0.8629008131129582
fake958,0.8347449191767506,0.2771458117890382,0.5575991073877125,341,0.47147147147147145,1.8347449191767506
fake959,0.19065149386163238,0.3302564102564103,-0.1396049163947779,321,0.4944944944944945,1.1906514938616324
fake960,0.09259683450726341,0.43026706231454015,-0.33767022780727673,331,0.4794794794794795,1.0925968345072634
fake961,-0.23037009244596895,-0.08895705521472386,-0.1414130372312451,350,0.4984984984984985,0.769629907554031
fake962,-0.024600808623719383,0.975074775672981,-0.9996755842967003,335,0.5345345345345346,0.9753991913762806
fake963,0.20896350964391353,0.5573604060913706,-0.3483968964474571,329,0.5285285285285285,1.2089635096439135
fake964,0.30850250526528944,-0.24103585657370508,0.5495383618389945,351,0.5095095095095095,1.3085025052652894
fake965,0.3369902124644797,0.021890547263681448,0.31509966520079824,331,0.4924924924924925,1.3369902124644797
fake966,-0.29583670182284083,-0.6115942028985508,0.31575750107571,313,0.48148148148148145,0.7041632981771592
fake967,-0.25746954110788256,-0.35794871794871796,0.1004791768408354,346,0.4794794794794795,0.7425304588921174
fake968,0.12543887665560982,0.8079601990049752,-0.6825213223493654,343,0.4624624624624625,1.1254388766556098
fake969,-0.4238465285548877,-0.33501006036217296,-0.08883646819271473,345,0.4934934934934935,0.5761534714451123
fake970,-0.4794444775709297,-0.7001013171225937,0.22065683955166404,328,0.47047047047047047,0.5205555224290703
fake971,-0.38519235395369655,0.427704752275025,-0.8128971062287216,324,0.47647647647647645,0.6148076460463034
fake972,0.05922750465146831,0.9708249496981891,-0.9115974450467208,329,0.47047047047047047,1.0592275046514683
fake973,0.17730303398678338,0.49346733668341725,-0.31616430269663387,342,0.5365365365365365,1.1773030339867834
fake974,0.2712156832027586,1.0824742268041239,-0.8112585436013653,325,0.5155155155155156,1.2712156832027586
fake975,0.23213223867267163,0.4724950884086445,-0.24036284973597288,328,0.4984984984984985,1.2321322386726716
fake976,-0.3428078585265192,-0.45391476709613476,0.11110690856961558,335,0.5035035035035035,0.6571921414734808
fake977,-0.29138839814428164,-0.09316154608523286,-0.19822685205904877,305,0.4994994994994995,0.7086116018557184
fake978,-0.2476657909426474,-0.07915057915057921,-0.1685152117920682,304,0.47047047047047047,0.7523342090573526
fake979,0.15082346327748675,-0.0571715145436309,0.20799497782111764,356,0.5115115115115115,1.1508234632774867
fake980,-0.5108010391671225,-0.49445005045408685,-0.01635098871303564,326,0.5025025025025025,0.4891989608328775
fake981,-0.04145434980492868,-0.3427991886409736,0.3013448388360449,312,0.5015015015015015,0.9585456501950713
fake982,0.11827117946599008,-0.257172131147541,0.3754433106135311,355,0.4914914914914915,1.11827117946599
fake983,0.4361902101292201,0.5838383838383838,-0.14764817370916372,351,0.4994994994994995,1.43619021012922
fake984,-0.4612700633170399,-0.5903732809430255,0.12910321762598564,342,0.47347347347347346,0.5387299366829601
fake985,0.19292866137859677,-0.13039215686274508,0.32332081824134185,325,0.4984984984984985,1.1929286613785968
fake986,0.6007941080334416,3.4139999999999997,-2.8132058919665583,315,0.4744744744744745,1.6007941080334416
fake987,-0.2552690446378725,-0.0986193293885601,-0.15664971524931237,329,0.4894894894894895,0.7447309553621275
fake988,-0.07803116611235072,-0.09306930693069304,0.015038140818342316,313,0.4854854854854855,0.9219688338876493
fake989,-0.30309427648831255,-0.6676986584107327,0.3646043819224202,322,0.5125125125125125,0.6969057235116874
fake990,0.4345035279895464,-0.04513540621865608,0.47963893420820247,333,0.4864864864864865,1.4345035279895464
fake991,1.9165788672059203,2.923379174852652,-1.0068003076467318,328,0.48348348348348347,2.9165788672059203
fake992,0.23930432778280464,0.8828282828282827,-0.6435239550454781,340,0.4844844844844845,1.2393043277828046
fake993,0.14615498455934284,0.104895104895105,0.04125987966423783,333,0.5025025025025025,1.1461549845593428
fake994,0.04355008057377763,-0.14560161779575342,0.18915169836953105,335,0.5045045045045045,1.0435500805737776
fake995,0.4378664565117838,0.3585291113381004,0.0793373451736834,316,0.4944944944944945,1.4378664565117838
fake996,0.0754627560135912,0.17458777885547994,-0.09912502284188873,323,0.4934934934934935,1.0754627560135912
fake997,0.14649279902337642,0.26403940886699506,-0.11754660984361864,351,0.5235235235235235,1.1464927990233764
fake998,-0.12795668077153521,-0.5313432835820896,0.4033866028105544,318,0.5385385385385385,0.8720433192284648
fake999,1.7344508251387696,0.6370887337986044,1.0973620913401652,333,0.5145145145145145,2.7344508251387696
