stock,monkey_ret,buyhold_ret,alpha,trades,exposure,final_equity
000001,0.5738711779668924,1.0914396887159534,-0.5175685107490611,311,0.5145145145145145,1.5738711779668924
000002,2.233743332493414,2.486381322957199,-0.25263799046378477,331,0.5245245245245245,3.233743332493414
000006,-0.04981057989532378,0.36074270557029164,-0.4105532854656154,340,0.4894894894894895,0.9501894201046762
000007,0.5760999007440273,-0.13247863247863256,0.7085785332226598,310,0.4984984984984985,1.5760999007440273
000009,-0.463008850362036,-0.15631691648822266,-0.3066919338738133,316,0.4824824824824825,0.536991149637964
000010,0.10344381947903036,-0.461038961038961,0.5644827805179914,309,0.47347347347347346,1.1034438194790304
000011,0.43279442977165195,1.2163120567375887,-0.7835176269659367,356,0.5185185185185185,1.432794429771652
000012,-0.1578928007063889,0.2974238875878221,-0.455316688294211,314,0.4694694694694695,0.8421071992936111
000014,0.06986028462033311,0.08599508599508598,-0.016134801374752872,330,0.5025025025025025,1.0698602846203331
000016,1.838942211563019,1.7613636363636367,0.07757857519938227,293,0.4914914914914915,2.838942211563019
000017,-0.4542398066308705,0.2099567099567099,-0.6641965165875804,365,0.4724724724724725,0.5457601933691295
000019,1.289073037078742,1.3510971786833856,-0.062024141604643646,343,0.4994994994994995,2.289073037078742
000020,0.6701635041712879,0.9577039274924473,-0.28754042332115937,316,0.5105105105105106,1.670163504171288
000021,-0.4465715537781265,0.7360824742268042,-1.1826540280049307,356,0.5175175175175175,0.5534284462218735
000025,0.2194863760135497,3.056761268781302,-2.837274892767752,335,0.4754754754754755,1.2194863760135497
000026,-0.21127475563883924,0.3639514731369151,-0.5752262287757544,317,0.4794794794794795,0.7887252443611608
000027,-0.21763620591495414,0.8043478260869568,-1.021984032001911,322,0.4774774774774775,0.7823637940850459
000028,0.6548621300365551,0.008391098139365116,0.64647103189719,339,0.5135135135135135,1.6548621300365551
000029,0.15595876300080502,1.2824858757062145,-1.1265271127054095,324,0.5305305305305306,1.155958763000805
000030,0.24910413749674398,0.2662116040955631,-0.01710746659881912,294,0.45145145145145144,1.249104137496744
000031,1.370812542144011,0.42105263157894757,0.9497599105650634,303,0.5185185185185185,2.370812542144011
000032,0.1539667242395788,0.26846590909090895,-0.11449918485133015,345,0.5065065065065065,1.1539667242395788
000034,0.2974676673331589,3.2290909090909095,-2.931623241757751,336,0.46846846846846846,1.2974676673331589
000035,0.8898699783143524,0.19805825242718433,0.6918117258871681,330,0.4914914914914915,1.8898699783143524
000036,0.23350592814316817,2.3717948717948714,-2.138288943651703,324,0.4904904904904905,1.2335059281431682
000037,-0.2629824010278481,1.6992665036674817,-1.9622489046953298,343,0.4894894894894895,0.7370175989721519
000039,0.012374521282143558,0.3904619970193741,-0.37808747573723056,333,0.5475475475475475,1.0123745212821436
000050,0.8009041802438921,0.006340579710145011,0.7945636005337471,351,0.5165165165165165,1.800904180243892
000055,-0.08113659920667116,1.1234567901234565,-1.2045933893301277,324,0.44844844844844844,0.9188634007933288
000056,1.2905683410660629,0.396766169154229,0.8938021719118339,329,0.4854854854854855,2.290568341066063
000058,-0.09179168158284567,0.027253668763102867,-0.11904535034594854,319,0.4984984984984985,0.9082083184171543
000059,0.3833103418384616,1.1466346153846154,-0.7633242735461538,335,0.5185185185185185,1.3833103418384616
000061,-0.5756315307475048,-0.17670682730923692,-0.3989247034382679,326,0.4824824824824825,0.42436846925249516
000062,1.119479085082896,0.8047690014903128,0.3147100835925831,326,0.5165165165165165,2.119479085082896
000063,1.2612500245028793,1.6492248062015502,-0.38797478169867095,322,0.5075075075075075,2.2612500245028793
000065,0.07636544697027814,0.9081885856079404,-0.8318231386376622,332,0.5035035035035035,1.0763654469702781
000066,0.4437374310398057,0.21693121693121697,0.2268062141085887,352,0.5175175175175175,1.4437374310398057
000068,-0.18493631584598935,-0.4280442804428044,0.24310796459681505,332,0.5165165165165165,0.8150636841540106
000069,0.42869895524372637,0.6310679611650485,-0.20236900592132212,310,0.5195195195195195,1.4286989552437264
000070,0.47867507718494284,0.4436450839328536,0.03502999325208922,336,0.5185185185185185,1.4786750771849428
000078,-0.11190721701950823,0.8918918918918919,-1.0037991089114002,318,0.5005005005005005,0.8880927829804918
000090,-0.23939693238864335,1.0103626943005182,-1.2497596266891615,350,0.5235235235235235,0.7606030676113567
000096,0.06853182254243606,1.565843621399177,-1.497311798856741,314,0.5785785785785785,1.068531822542436
000099,-0.5599162132600453,-0.27249999999999996,-0.2874162132600453,299,0.5315315315315315,0.4400837867399547
000100,-0.0593162624584892,0.2576687116564418,-0.316984974114931,321,0.5195195195195195,0.9406837375415108
000151,-0.5017016346274121,0.5906976744186045,-1.0923993090460167,314,0.5415415415415415,0.4982983653725878
000155,-0.5471541176249624,0.24281150159744413,-0.7899656192224065,334,0.4844844844844845,0.4528458823750377
000156,-0.5233571173967275,-0.5792284866468843,0.05587136925015679,354,0.46346346346346345,0.47664288260327253
000157,-0.23998479788522087,-0.09144542772861353,-0.14853937015660734,335,0.5145145145145145,0.7600152021147791
000158,0.11145261913630167,1.246056782334385,-1.1346041631980834,346,0.5225225225225225,1.1114526191363017
000159,-0.24159425720509387,-0.4002890173410404,0.15869476013594652,328,0.5255255255255256,0.7584057427949061
000301,0.5303748134001889,1.007042253521127,-0.4766674401209381,360,0.48848848848848847,1.5303748134001889
000333,0.15163411812437833,4.3367935409457905,-4.185159422821412,338,0.4924924924924925,1.1516341181243783
000338,-0.16342402730104688,1.0246153846153847,-1.1880394119164315,328,0.4944944944944945,0.8365759726989531
000501,0.10461524943976053,0.7274939172749391,-0.6228786678351785,317,0.4894894894894895,1.1046152494397605
000503,-0.17897733272587568,-0.22118685630210888,0.0422095235762332,346,0.5175175175175175,0.8210226672741243
000504,1.024204346647752,0.4610281923714761,0.5631761542762759,338,0.4974974974974975,2.024204346647752
000506,1.1268656818524914,-0.16157205240174677,1.2884377342542381,343,0.5225225225225225,2.1268656818524914
000507,1.2589753989263035,0.45148514851485144,0.8074902504114521,364,0.4874874874874875,2.2589753989263035
000510,-0.16681142582990927,-0.051625239005736234,-0.11518618682417303,356,0.4804804804804805,0.8331885741700907
000513,0.3470170079129282,1.8225966303270567,-1.4755796224141284,350,0.4974974974974975,1.3470170079129282
000514,-0.4507743770840037,0.3532219570405726,-0.8039963341245763,328,0.4624624624624625,0.5492256229159963
000516,-0.3796789781947192,1.2149122807017543,-1.5945912588964735,307,0.47147147147147145,0.6203210218052808
000517,-0.1366125048217658,1.396551724137931,-1.5331642289596967,298,0.4804804804804805,0.8633874951782342
000518,-0.29110466586979145,0.1921921921921923,-0.48329685806198375,342,0.4924924924924925,0.7088953341302086
000519,-0.5631716003174789,-0.09421112372304197,-0.46896047659443696,346,0.5175175175175175,0.43682839968252113
000521,0.24789184685436938,-0.023872679045092826,0.2717645258994622,339,0.4934934934934935,1.2478918468543694
000523,-0.5218993263127335,-0.3579920739762219,-0.1639072523365116,340,0.4954954954954955,0.4781006736872665
000524,0.3468029261430865,0.4275229357798165,-0.08072000963672998,346,0.5365365365365365,1.3468029261430865
000525,0.25160202961525613,0.7189014539579968,-0.46729942434274063,332,0.4824824824824825,1.2516020296152561
000526,-0.3201922061243565,0.3891547049441786,-0.7093469110685351,344,0.5415415415415415,0.6798077938756435
000528,0.5085028310273458,0.42032967032967017,0.08817316069767567,327,0.5265265265265265,1.5085028310273458
000529,0.10267602623080241,-0.1787003610108303,0.2813763872416327,348,0.4944944944944945,1.1026760262308024
000530,0.15979803028827,0.0976744186046512,0.062123611683618796,343,0.5145145145145145,1.15979803028827
000531,-0.6057222298236123,-0.09620253164556969,-0.5095196981780427,333,0.5385385385385385,0.39427777017638765
000532,-0.6509894105540786,-0.24471299093655585,-0.4062764196175227,320,0.4624624624624625,0.3490105894459215
000533,-0.05414268576136139,-0.15000000000000002,0.09585731423863864,334,0.4984984984984985,0.9458573142386386
000534,-0.309371533383067,1.254364089775561,-1.5637356231586281,332,0.5125125125125125,0.690628466616933
000536,-0.621431400705711,-0.7976539589442815,0.17622255823857047,325,0.5005005005005005,0.378568599294289
000537,0.9636500367419392,1.1796536796536796,-0.21600364291174046,329,0.5225225225225225,1.9636500367419392
000538,0.5470973366577081,0.5305616740088106,0.016535662648897498,367,0.5055055055055055,1.547097336657708
000539,0.08249635622716389,0.3249211356466877,-0.24242477941952378,328,0.5025025025025025,1.082496356227164
000541,0.28598237799052195,0.6822916666666667,-0.3963092886761448,322,0.4924924924924925,1.285982377990522
000543,0.4385515038958965,0.4281345565749235,0.01041694732097298,345,0.4804804804804805,1.4385515038958965
000544,0.09729292460979133,-0.06521739130434778,0.16251031591413911,318,0.4974974974974975,1.0972929246097913
000545,0.6467171601631685,-0.0117647058823529,0.6584818660455214,371,0.5225225225225225,1.6467171601631685
000546,0.8938841028186413,1.6141868512110724,-0.7203027483924311,326,0.5035035035035035,1.8938841028186413
000547,3.2256879398075844,1.695876288659794,1.5298116511477904,317,0.5115115115115115,4.225687939807584
000548,-0.5350630144306521,0.212678936605317,-0.7477419510359691,333,0.5065065065065065,0.4649369855693479
000550,-0.14718108742714053,-0.17452830188679247,0.027347214459651936,329,0.4934934934934935,0.8528189125728595
000551,-0.07789274641479116,-0.2124492557510148,0.13455650933622365,313,0.5245245245245245,0.9221072535852088
000552,0.21938524418204586,-0.22191780821917806,0.4413030524012239,333,0.5075075075075075,1.2193852441820459
000553,1.1350412258478908,0.07450628366247747,1.0605349421854133,341,0.4804804804804805,2.135041225847891
000554,1.70058989588911,0.5220125786163523,1.1785773172727576,323,0.5205205205205206,2.70058989588911
000555,-0.055810940069977444,0.09590163934426221,-0.15171257941423966,360,0.5065065065065065,0.9441890599300226
000558,1.1859976290573817,0.2936507936507935,0.8923468354065882,325,0.5055055055055055,2.1859976290573817
000559,-0.2227109181407605,1.8068669527896994,-2.02957787093046,304,0.4964964964964965,0.7772890818592395
000560,-0.043370300852119015,1.949367088607595,-1.9927373894597142,298,0.5115115115115115,0.956629699147881
000561,-0.37941068832458136,0.170854271356784,-0.5502649596813654,349,0.5235235235235235,0.6205893116754186
000563,0.3841254253351596,-0.09281437125748504,0.4769397965926446,321,0.5395395395395396,1.3841254253351596
000564,-0.29713332664038805,-0.46808510638297873,0.17095177974259068,315,0.5145145145145145,0.702866673359612
000565,2.194691869828399,0.6699999999999999,1.5246918698283989,309,0.5115115115115115,3.194691869828399
000566,1.6436729218125898,0.4139344262295084,1.2297384955830815,339,0.45545545545545546,2.64367292181259
000567,0.11809562000507356,2.0649350649350646,-1.946839444929991,343,0.5205205205205206,1.1180956200050736
000568,1.0963925884545418,2.3446327683615817,-1.24824017990704,336,0.47047047047047047,2.096392588454542
000570,0.1319059175510673,-0.2078559738134207,0.339761891364488,323,0.5075075075075075,1.1319059175510673
000571,0.4149144558309483,-0.2785145888594164,0.6934290446903647,362,0.4864864864864865,1.4149144558309483
000572,-0.36285699399471705,-0.04021447721179627,-0.3226425167829208,342,0.5095095095095095,0.637143006005283
000573,-0.15783588702643903,-0.11421911421911424,-0.04361677280732479,329,0.4794794794794795,0.842164112973561
000576,0.8536053882347445,1.046680497925311,-0.19307510969056652,336,0.44544544544544545,1.8536053882347445
000581,-0.11802499624158191,-0.1476473769605191,0.02962238071893719,349,0.5185185185185185,0.8819750037584181
000582,1.1610843926895607,-0.11320754716981118,1.274291939859372,339,0.5005005005005005,2.1610843926895607
000586,2.3053907767490536,0.9357495881383855,1.369641188610668,316,0.4574574574574575,3.3053907767490536
000589,0.18591851261596393,-0.21288515406162456,0.3988036666775885,331,0.5025025025025025,1.185918512615964
000590,0.17374800599037998,-0.26647356987690074,0.4402215758672807,348,0.4944944944944945,1.17374800599038
000591,0.5114949831713542,-0.02970297029702962,0.5411979534683838,333,0.46546546546546547,1.5114949831713542
000592,-0.0925155033870001,-0.33498759305210923,0.24247208966510914,306,0.4954954954954955,0.9074844966129999
000593,-0.06797173468842788,0.032061068702289974,-0.10003280339071785,319,0.47347347347347346,0.9320282653115721
000595,-0.2994923962916197,0.38576779026217234,-0.6852601865537921,349,0.5125125125125125,0.7005076037083803
000596,1.0317846871976162,2.0914407230196703,-1.0596560358220541,342,0.4954954954954955,2.031784687197616
000597,0.21680299403189296,0.412751677852349,-0.19594868382045605,336,0.4594594594594595,1.216802994031893
000598,-0.5635555139537172,-0.08768267223382042,-0.47587284171989674,348,0.5005005005005005,0.43644448604628283
000599,-0.4222487585474983,0.522613065326633,-0.9448618238741313,346,0.4984984984984985,0.5777512414525017
000601,-0.18831987655774785,0.4636118598382748,-0.6519317363960226,346,0.5145145145145145,0.8116801234422522
000603,-0.2529529666921446,-0.08756137479541737,-0.16539159189672725,333,0.5135135135135135,0.7470470333078554
000605,0.19313640583170555,-0.09864253393665157,0.2917789397683571,362,0.4934934934934935,1.1931364058317055
000608,0.16217818091697467,0.037328094302554016,0.12485008661442065,326,0.4874874874874875,1.1621781809169747
000609,0.30316346744049816,-0.11158798283261806,0.4147514502731162,329,0.5305305305305306,1.3031634674404982
000610,1.1649413999264007,-0.09774436090225569,1.2626857608286564,311,0.4804804804804805,2.1649413999264007
000612,0.26005766339215675,-0.22289156626506024,0.482949229657217,324,0.4904904904904905,1.2600576633921567
000615,0.750640901082366,0.6375404530744335,0.11310044800793251,319,0.4874874874874875,1.750640901082366
000617,0.8432190483994708,0.514218009478673,0.3290010389207978,323,0.5125125125125125,1.8432190483994708
000619,0.08061989171121153,-0.010279001468428639,0.09089889317964017,354,0.5245245245245245,1.0806198917112115
000620,-0.40086913093093235,0.15306122448979598,-0.5539303554207283,339,0.4494494494494494,0.5991308690690677
000623,-0.12477893644751081,0.7032667876588021,-0.8280457241063129,312,0.5185185185185185,0.8752210635524892
000626,0.22433788900219964,0.5249343832020996,-0.3005964941999,339,0.4924924924924925,1.2243378890021996
000627,2.0760287095514074,1.6543209876543208,0.4217077218970866,360,0.4904904904904905,3.0760287095514074
000628,-0.467752828825182,0.33122028526148983,-0.7989731140866718,315,0.5005005005005005,0.532247171174818
000629,0.738690555939866,0.2930232558139534,0.4456673001259126,350,0.5285285285285285,1.738690555939866
000630,-0.12335026204005617,0.10909090909090913,-0.2324411711309653,333,0.4794794794794795,0.8766497379599438
000631,-0.18174199088644305,1.1096774193548389,-1.291419410241282,325,0.48348348348348347,0.818258009113557
000632,1.1512049245823337,0.14732142857142838,1.0038834960109053,304,0.4724724724724725,2.1512049245823337
000633,-0.06213209211467885,-0.18982387475538176,0.1276917826407029,306,0.4724724724724725,0.9378679078853212
000635,0.12654153868151674,0.18103448275862077,-0.05449294407710403,335,0.5155155155155156,1.1265415386815167
000636,0.35605742655451,1.2704280155642023,-0.9143705890096923,319,0.5085085085085085,1.35605742655451
000637,-0.4751929549614127,0.18689320388349495,-0.6620861588449076,327,0.5315315315315315,0.5248070450385873
000638,1.40725375537416,0.6069767441860465,0.8002770111881135,311,0.47147147147147145,2.40725375537416
000639,0.20131449288348113,0.43224299065420557,-0.23092849777072444,321,0.5275275275275275,1.2013144928834811
000650,0.9830237921719189,0.3581661891117478,0.6248576030601711,328,0.5375375375375375,1.983023792171919
000651,0.8988621918266131,1.9057971014492754,-1.0069349096226623,328,0.5165165165165165,1.898862191826613
000652,-0.23770707631320742,-0.025345622119815503,-0.21236145419339192,357,0.4934934934934935,0.7622929236867926
000655,-0.02968460275950302,-0.4649776453055142,0.4352930425460112,337,0.5105105105105106,0.970315397240497
000656,-0.23503444479093405,1.0904522613065328,-1.3254867060974669,349,0.5245245245245245,0.764965555209066
000657,-0.43170986768367536,-0.21035598705501612,-0.22135388062865924,345,0.5025025025025025,0.5682901323163246
000659,-0.2202466373373576,0.061594202898550776,-0.2818408402359084,319,0.4944944944944945,0.7797533626626424
000661,0.9580541118604995,0.6307965387175505,0.327257573142949,326,0.5205205205205206,1.9580541118604995
000663,-0.28342060666180424,-0.47267996530789247,0.18925935864608823,317,0.5085085085085085,0.7165793933381958
000665,0.6159688494544671,-0.2185430463576158,0.8345118958120828,325,0.48848848848848847,1.615968849454467
000669,0.6970088593011647,-0.4756527875793931,1.1726616468805577,329,0.4974974974974975,1.6970088593011647
000672,-0.10481000604131019,0.8970588235294117,-1.0018688295707219,344,0.4904904904904905,0.8951899939586898
000676,0.7020393250138106,1.5591397849462365,-0.8571004599324259,329,0.5055055055055055,1.7020393250138106
000677,0.1314503426760516,0.41333333333333333,-0.28188299065728173,341,0.4934934934934935,1.1314503426760516
000678,-0.1793767667137629,0.26450116009280755,-0.44387792680657046,348,0.4904904904904905,0.8206232332862371
000679,-0.17920560019850296,-0.17810760667903525,-0.0010979935194677104,337,0.4574574574574575,0.820794399801497
000680,0.08038460786488644,0.39799331103678903,-0.3176087031719026,331,0.4944944944944945,1.0803846078648864
000681,0.18512000103949666,1.127009646302251,-0.9418896452627543,358,0.4874874874874875,1.1851200010394967
000682,0.11699617954634811,0.20146520146520142,-0.0844690219188533,322,0.5185185185185185,1.1169961795463481
000683,-0.47356550121643703,0.27513227513227534,-0.7486977763487124,332,0.4964964964964965,0.526434498783563
000685,0.5303126936135476,0.6821192052980132,-0.15180651168446557,319,0.47047047047047047,1.5303126936135476
000686,0.27074745329698735,0.08069620253164556,0.1900512507653418,354,0.5005005005005005,1.2707474532969874
000688,-0.49112811747253926,1.1506622516556293,-1.6417903691281686,331,0.45145145145145144,0.5088718825274607
000690,0.017545600584631282,0.662049861495845,-0.6445042609112137,345,0.4844844844844845,1.0175456005846313
000691,-0.25305351846389057,-0.044897959183673564,-0.208155559280217,336,0.4894894894894895,0.7469464815361094
000692,-0.19947974739459173,0.0024752475247524774,-0.2019549949193442,346,0.4994994994994995,0.8005202526054083
000695,-0.5941122605739055,0.22312925170068043,-0.817241512274586,336,0.4774774774774775,0.4058877394260944
000697,1.095013740924379,0.492638731596829,0.60237500932755,320,0.5145145145145145,2.095013740924379
000698,-0.36633434199305326,0.39410187667560326,-0.7604362186686565,321,0.5165165165165165,0.6336656580069467
000700,0.003488782405516977,-0.1384180790960453,0.1419068615015623,325,0.5045045045045045,1.003488782405517
000701,0.030015987668973843,-0.2722513089005236,0.30226729656949747,333,0.5205205205205206,1.0300159876689738
000702,-0.4540355932269651,0.46218487394957997,-0.916220467176545,325,0.4844844844844845,0.5459644067730349
000703,0.09980550399721677,2.1777777777777776,-2.077972273780561,324,0.5005005005005005,1.0998055039972168
000705,-0.1342756804823062,-0.04755434782608703,-0.08672133265621917,297,0.5055055055055055,0.8657243195176938
000707,0.11363207521017893,-0.1875,0.30113207521017893,295,0.4724724724724725,1.113632075210179
000708,0.23092750306754417,0.7110091743119265,-0.4800816712443823,342,0.5475475475475475,1.2309275030675442
000709,2.825219791481423,0.742138364779874,2.083081426701549,345,0.4874874874874875,3.825219791481423
000711,1.214495069500063,0.6679841897233203,0.5465108797767426,309,0.4994994994994995,2.214495069500063
000712,0.08320514838377346,-0.21999999999999997,0.30320514838377344,331,0.4864864864864865,1.0832051483837735
000713,-0.5988175556220885,-0.35341365461847396,-0.24540390100361453,310,0.5155155155155156,0.40118244437791145
000715,-0.3541448884401801,-0.5173553719008264,0.16321048346064626,375,0.5295295295295295,0.6458551115598199
000716,-0.36903338423812726,-0.3380281690140845,-0.03100521522404276,327,0.45845845845845845,0.6309666157618727
000717,0.8333852069753516,2.6012658227848102,-1.7678806158094587,360,0.48148148148148145,1.8333852069753516
000718,0.1782586038257481,0.05957446808510647,0.11868413574064163,321,0.5015015015015015,1.178258603825748
000719,-0.2986222202784251,-0.12540192926045002,-0.1732202910179751,365,0.4994994994994995,0.7013777797215749
000720,1.276237074983857,0.9170305676855894,0.35920650729826753,331,0.4934934934934935,2.276237074983857
000721,1.238962905767516,0.3204747774480712,0.9184881283194448,331,0.4874874874874875,2.238962905767516
000722,1.5599897410469459,0.24925373134328344,1.3107360097036624,323,0.5135135135135135,2.559989741046946
000723,0.9358638143860853,0.006079027355623046,0.9297847870304623,343,0.5025025025025025,1.9358638143860853
000725,0.40493028934614994,1.5856353591160217,-1.1807050697698718,332,0.5055055055055055,1.40493028934615
000726,0.16319691422822324,0.20827389443651945,-0.0450769802082962,343,0.46146146146146144,1.1631969142282232
000728,3.2830510193222633,0.48051948051948035,2.802531538802783,326,0.47847847847847846,4.283051019322263
000729,0.8123902945372306,-0.06417112299465244,0.876561417531883,319,0.5005005005005005,1.8123902945372306
000731,-0.07697057467454538,-0.21496437054631823,0.13799379587177285,323,0.46846846846846846,0.9230294253254546
000733,0.2424546241620995,0.5018226002430133,-0.2593679760809138,327,0.5015015015015015,1.2424546241620995
000736,0.785616191495722,1.7047970479704797,-0.9191808564747577,321,0.44344344344344344,1.785616191495722
000737,1.038132133991891,-0.20815450643776823,1.246286640429659,360,0.5415415415415415,2.038132133991891
000738,-0.27223014974233883,-0.046232876712328674,-0.22599727303001016,316,0.4944944944944945,0.7277698502576612
000739,0.019671820219738123,0.13776722090261284,-0.11809540068287472,330,0.4844844844844845,1.0196718202197381
000750,-0.06938263391756061,-0.42174629324546964,0.35236365932790903,344,0.5265265265265265,0.9306173660824394
000752,-0.15190563348729302,0.27730294396961064,-0.42920857745690366,349,0.5085085085085085,0.848094366512707
000753,0.9769254137828776,0.5044642857142856,0.472461128068592,331,0.5415415415415415,1.9769254137828776
000755,-0.55374483822784,0.21036585365853666,-0.7641106918863767,352,0.48348348348348347,0.4462551617721599
000756,0.5335767543860073,1.7360703812316713,-1.202493626845664,324,0.5135135135135135,1.5335767543860073
000757,-0.18736218483759892,0.18309859154929575,-0.3704607763868947,306,0.5025025025025025,0.8126378151624011
000758,-0.15950427290341607,0.21705426356589141,-0.3765585364693075,328,0.47047047047047047,0.8404957270965839
000759,-0.15114265549118377,0.22290076335877873,-0.3740434188499625,344,0.5025025025025025,0.8488573445088162
000761,0.38193921143737875,0.7056277056277056,-0.32368849419032686,345,0.5525525525525525,1.3819392114373787
000762,-0.6040989190864513,0.24613899613899615,-0.8502379152254474,342,0.4914914914914915,0.3959010809135487
000766,0.6824153224650289,0.3844731977818854,0.2979421246831435,319,0.5205205205205206,1.682415322465029
000767,2.3391426354679172,-0.14754098360655732,2.4866836190744745,349,0.4774774774774775,3.3391426354679172
000768,1.0500791285128939,0.6447368421052633,0.4053422864076306,324,0.4754754754754755,2.050079128512894
000776,-0.35706281242881355,0.43293347873500543,-0.789996291163819,332,0.5245245245245245,0.6429371875711865
000777,0.22735899949231486,0.5919282511210762,-0.3645692516287613,300,0.5135135135135135,1.2273589994923149
000778,0.5085903630119495,0.13564668769716093,0.37294367531478856,317,0.5205205205205206,1.5085903630119495
000779,0.4386141597216475,0.07107843137254899,0.36753572834909853,314,0.5095095095095095,1.4386141597216475
000782,-0.27265065383921594,0.44204851752021557,-0.7146991713594315,338,0.48348348348348347,0.7273493461607841
000783,0.2905725694412158,0.5887096774193548,-0.29813710797813897,329,0.44844844844844844,1.2905725694412158
000785,2.0663479314614013,0.6807228915662649,1.3856250398951364,323,0.4924924924924925,3.0663479314614013
000786,-0.0852292782697508,1.1559220389805098,-1.2411513172502606,307,0.5005005005005005,0.9147707217302492
000788,0.18445587787902795,-0.47179067865903523,0.6562465565380632,325,0.4844844844844845,1.184455877879028
000789,0.6922881993614576,0.8846153846153846,-0.192327185253927,336,0.4644644644644645,1.6922881993614576
000790,0.26636039494363506,0.13176895306859193,0.13459144187504313,321,0.4974974974974975,1.266360394943635
000791,0.7150797643555393,0.0,0.7150797643555393,343,0.5125125125125125,1.7150797643555393
000792,-0.16064616017279476,0.07657657657657646,-0.23722273674937122,359,0.5225225225225225,0.8393538398272052
000793,-0.08230890755672604,-0.7313807531380754,0.6490718455813493,316,0.5135135135135135,0.917691092443274
000795,1.3478972990721112,0.06434316353887404,1.2835541355332372,337,0.5335335335335335,2.347897299072111
000797,1.292152377499543,1.873170731707317,-0.581018354207774,342,0.5145145145145145,2.292152377499543
000798,-0.027589749231592964,-0.02297090352220521,-0.004618845709387753,339,0.4864864864864865,0.972410250768407
000799,0.051120505376063274,0.9324960753532183,-0.881375569977155,367,0.4864864864864865,1.0511205053760633
000900,0.804598375648343,0.23015873015873023,0.5744396454896128,337,0.4644644644644645,1.804598375648343
000901,0.04954271332990112,0.20262390670553931,-0.1530811933756382,353,0.5235235235235235,1.0495427133299011
000902,0.5738020768467613,1.025,-0.4511979231532386,313,0.4624624624624625,1.5738020768467613
000905,-0.0466898010063137,0.3058321479374111,-0.3525219489437248,332,0.4944944944944945,0.9533101989936863
000906,0.14657946607514516,0.19814241486068118,-0.05156294878553602,293,0.46046046046046046,1.1465794660751452
000908,-0.26125114923449533,-0.22972972972972971,-0.03152141950476561,338,0.4914914914914915,0.7387488507655047
000909,-0.38080717256524155,0.6770293609671849,-1.0578365335324265,355,0.4944944944944945,0.6191928274347585
000910,1.2399235127305785,3.177570093457944,-1.9376465807273653,319,0.5015015015015015,2.2399235127305785
000911,0.08586101721618133,0.1173848439821692,-0.03152382676598786,348,0.4874874874874875,1.0858610172161813
000912,0.3756746989958468,0.06564551422319465,0.3100291847726522,332,0.4644644644644645,1.3756746989958468
000913,0.38707984395137607,2.0760095011876483,-1.6889296572362722,348,0.5015015015015015,1.387079843951376
000915,0.06013422200851992,0.0867882808181315,-0.02665405880961158,313,0.48148148148148145,1.06013422200852
000917,-0.41940729933739096,-0.669220945083014,0.24981364574562304,316,0.48348348348348347,0.580592700662609
000919,-0.05171784583476213,-0.055181695827725474,0.0034638499929633415,331,0.5325325325325325,0.9482821541652379
000920,-0.2966351604755121,-0.34529702970297027,0.04866186922745819,312,0.46046046046046046,0.7033648395244879
000921,0.487735616461461,0.28372093023255807,0.20401468622890295,326,0.46346346346346345,1.487735616461461
000922,-0.6476383634853619,-0.03258145363408527,-0.6150569098512766,322,0.43543543543543545,0.35236163651463814
000923,0.3708753771826816,1.7572614107883813,-1.3863860336056997,356,0.4744744744744745,1.3708753771826816
000925,1.4770055453131992,-0.07912687585266032,1.5561324211658594,338,0.46146146146146144,2.477005545313199
000926,-0.08853127361527136,0.4781609195402299,-0.5666921931555012,323,0.5345345345345346,0.9114687263847286
000927,0.004831722303374475,0.10755813953488369,-0.10272641723150922,342,0.5195195195195195,1.0048317223033745
000928,0.9107328595873527,0.16470588235294126,0.7460269772344115,310,0.4974974974974975,1.9107328595873527
000929,-0.31294442693929814,-0.2148962148962149,-0.09804821204308323,361,0.5025025025025025,0.6870555730607019
000930,-0.2769108668305492,1.3403693931398415,-1.6172802599703906,335,0.5095095095095095,0.7230891331694508
000931,0.6344597609767268,0.082024432809773,0.5524353281669538,329,0.4774774774774775,1.6344597609767268
000932,-0.08649987853309449,3.300970873786407,-3.387470752319502,330,0.43043043043043044,0.9135001214669055
000933,-0.47787227965568724,0.7397260273972601,-1.2175983070529472,340,0.5115115115115115,0.5221277203443128
000935,1.1209923234201664,1.608695652173913,-0.48770332875374667,325,0.4744744744744745,2.1209923234201664
000936,0.9069583350598831,1.1107871720116615,-0.20382883695177845,343,0.5015015015015015,1.906958335059883
000937,0.010004622726925483,0.07480314960629908,-0.0647985268793736,306,0.48348348348348347,1.0100046227269255
000938,1.1846806723693257,1.159301130524152,0.02537954184517366,342,0.4924924924924925,2.1846806723693257
000948,-0.6688592317501428,0.3315972222222223,-1.0004564539723653,338,0.46146146146146144,0.33114076824985716
000949,1.8766610891775786,0.3925925925925924,1.4840684965849862,335,0.5195195195195195,2.8766610891775786
000950,0.5022433337625449,0.48066298342541436,0.02158035033713057,319,0.4594594594594595,1.502243333762545
000951,0.7733930574754488,1.5805555555555553,-0.8071624980801064,327,0.4994994994994995,1.7733930574754488
000952,-0.11881083366361356,0.5827586206896551,-0.7015694543532687,309,0.5175175175175175,0.8811891663363864
000953,0.8690686304699309,-0.16630669546436283,1.0353753259342937,344,0.4974974974974975,1.8690686304699309
000955,-0.40991256162153555,0.13897280966767367,-0.5488853712892092,339,0.5105105105105106,0.5900874383784644
000957,1.8893335111457166,0.8562500000000002,1.0330835111457164,331,0.4924924924924925,2.8893335111457166
000958,2.092646941416063,0.7188940092165899,1.3737529321994733,332,0.5105105105105106,3.092646941416063
000959,0.17185305895333713,0.9170984455958551,-0.7452453866425179,321,0.4984984984984985,1.1718530589533371
000960,0.4879771178984367,0.13765182186234814,0.35032529603608853,380,0.48148148148148145,1.4879771178984367
000962,-0.5997978477689081,-0.3224489795918368,-0.2773488681770713,349,0.5085085085085085,0.40020215223109196
000963,0.35858035849917735,2.057932263814617,-1.6993519053154396,335,0.4844844844844845,1.3585803584991774
000965,0.1714394507010939,0.05769230769230771,0.11374714300878619,332,0.5365365365365365,1.171439450701094
000966,0.012995617598130949,0.02033898305084736,-0.0073433654527164105,328,0.5285285285285285,1.012995617598131
000967,1.574769014494949,0.9215686274509807,0.6532003870439684,313,0.4644644644644645,2.574769014494949
000968,1.0902891119682954,0.44266666666666676,0.6476224453016286,350,0.4864864864864865,2.0902891119682954
000969,-0.15777787606776117,-0.020086083213773254,-0.13769179285398792,325,0.4774774774774775,0.8422221239322388
000970,-0.3271687768939978,-0.14453477868112008,-0.18263399821287774,315,0.48848848848848847,0.6728312231060022
000972,-0.2531062327839474,-0.21082621082621078,-0.04228002195773661,348,0.4894894894894895,0.7468937672160526
000973,0.45602747009474,0.039787798408488007,0.416239671686252,347,0.5205205205205206,1.45602747009474
000975,0.05551475533477834,0.4516129032258065,-0.39609814789102815,338,0.47347347347347346,1.0555147553347783
000977,0.5220184588397632,1.2725321888412018,-0.7505137300014386,316,0.4874874874874875,1.5220184588397632
000978,0.4557450154469187,0.14043993231810492,0.3153050831288138,321,0.4994994994994995,1.4557450154469187
000980,-0.17523549515415493,0.14004376367614868,-0.3152792588303036,330,0.5175175175175175,0.8247645048458451
000981,0.49285532038895896,-0.2781456953642384,0.7710010157531973,312,0.5195195195195195,1.492855320388959
000983,1.9141802057734165,0.5264623955431758,1.3877178102302408,309,0.4984984984984985,2.9141802057734165
000985,0.5659306345012227,0.7669172932330826,-0.20098665873185984,329,0.4924924924924925,1.5659306345012227
000987,-0.2769059020324067,0.052044609665427455,-0.3289505116978342,322,0.4624624624624625,0.7230940979675933
000988,0.25928342331339027,0.9368575624082232,-0.6775741390948329,340,0.48848848848848847,1.2592834233133903
000989,-0.08116237929585335,0.7431906614785992,-0.8243530407744526,340,0.5125125125125125,0.9188376207041467
000990,0.380758882122759,0.41431670281995636,-0.03355782069719737,334,0.4894894894894895,1.380758882122759
000993,-0.03391256326846759,0.06269113149847105,-0.09660369476693864,314,0.5105105105105106,0.9660874367315324
000995,4.790193489387692,1.4410256410256408,3.349167848362051,320,0.48848848848848847,5.790193489387692
000997,-0.6539796017446945,0.5396634615384615,-1.1936430632831558,376,0.5115115115115115,0.3460203982553055
000998,1.025801028402877,0.5983421250941976,0.4274589033086793,339,0.5295295295295295,2.025801028402877
000999,0.18049295531632858,0.09252971137521215,0.08796324394111643,324,0.5055055055055055,1.1804929553163286
001872,-0.0800434598142129,0.3477891156462585,-0.4278325754604714,322,0.4844844844844845,0.9199565401857871
001896,-0.2518962849201337,-0.39036544850498334,0.13846916358484962,339,0.5015015015015015,0.7481037150798663
001914,0.8132623146290645,0.5059523809523809,0.3073099336766836,319,0.5125125125125125,1.8132623146290645
002001,0.81953313114592,2.1780104712041886,-1.3584773400582686,332,0.4864864864864865,1.81953313114592
002003,1.2066340044272783,1.6071428571428572,-0.4005088527155789,314,0.5255255255255256,2.2066340044272783
002004,-0.2100241448753668,-0.10025706940874035,-0.10976707546662645,335,0.4904904904904905,0.7899758551246332
002005,-0.1972715366944945,-0.6258907363420427,0.42861919964754824,324,0.5055055055055055,0.8027284633055055
002006,1.3070678053579599,-0.12409812409812404,1.431165929456084,314,0.4774774774774775,2.30706780535796
002007,-0.07776650057778867,0.431145431145431,-0.5089119317232197,332,0.4944944944944945,0.9222334994222113
002008,1.8475620979060872,3.0834633385335417,-1.2359012406274545,321,0.4974974974974975,2.847562097906087
002009,1.9255022910208894,-0.17784963621665317,2.1033519272375427,341,0.5025025025025025,2.9255022910208894
002010,-0.2765692550521822,0.11233211233211238,-0.3889013673842946,348,0.5155155155155156,0.7234307449478178
002011,0.4239452658634588,-0.554176072234763,0.9781213380982218,339,0.4984984984984985,1.4239452658634588
002012,-0.4967988413346295,0.04190476190476189,-0.5387036032393914,344,0.5155155155155156,0.5032011586653705
002014,-0.2541354162234407,0.2947368421052632,-0.5488722583287039,357,0.5035035035035035,0.7458645837765593
002015,-0.04728160079157451,0.15509259259259256,-0.20237419338416707,377,0.4954954954954955,0.9527183992084255
002016,0.8051159466730284,1.6930320150659135,-0.8879160683928851,354,0.5005005005005005,1.8051159466730284
002017,-0.46883553399539313,-0.3175122749590835,-0.1513232590363096,343,0.5125125125125125,0.5311644660046069
002019,0.09636707851295356,1.2539877300613496,-1.157620651548396,326,0.5185185185185185,1.0963670785129536
002020,0.05842410385055041,0.5250000000000001,-0.4665758961494497,324,0.4994994994994995,1.0584241038505504
002023,0.17268780054275212,0.0767386091127098,0.09594919143004232,341,0.5205205205205206,1.1726878005427521
002024,-0.33463753437550803,0.3972602739726028,-0.7318978083481108,316,0.4994994994994995,0.665362465624492
002025,1.7219235047511479,1.5322245322245323,0.1896989725266156,338,0.46646646646646645,2.721923504751148
002026,0.6724417108974243,-0.07966101694915262,0.752102727846577,330,0.4984984984984985,1.6724417108974243
002027,3.3175843599151715,5.6000000000000005,-2.282415640084829,316,0.5615615615615616,4.3175843599151715
002028,0.711272551080322,0.6837708830548923,0.027501668025429638,370,0.5175175175175175,1.711272551080322
002029,0.878417883891403,0.2108345534407028,0.6675833304507002,353,0.4894894894894895,1.878417883891403
002030,0.9154962026042226,0.8160621761658031,0.09943402643841948,335,0.4914914914914915,1.9154962026042226
002031,0.1909459127265507,0.23414634146341462,-0.043200428736863916,330,0.5145145145145145,1.1909459127265507
002032,0.28436087791273246,3.279005524861878,-2.994644646949146,319,0.47047047047047047,1.2843608779127325
002033,-0.055772734666408974,0.16883116883116878,-0.22460390349757775,348,0.47847847847847846,0.944227265333591
002034,-0.24336788301503165,0.9561527581329561,-1.1995206411479877,316,0.4984984984984985,0.7566321169849684
002035,0.454291401412553,4.003215434083602,-3.548924032671049,340,0.4724724724724725,1.454291401412553
002036,0.6513889686310519,0.8009708737864076,-0.14958190515535574,304,0.5145145145145145,1.651388968631052
002037,0.9722592864308346,-0.2508004268943437,1.2230597133251782,343,0.4974974974974975,1.9722592864308346
002038,0.08437592363175117,-0.22326454033771115,0.3076404639694623,345,0.47647647647647645,1.0843759236317512
002039,-0.08903264922794729,1.3793969849246235,-1.4684296341525709,354,0.5275275275275275,0.9109673507720527
002040,-0.22038603923760702,0.642857142857143,-0.86324318209475,306,0.4744744744744745,0.779613960762393
002041,-0.1111515106677744,-0.17433962264150948,0.06318811197373508,316,0.5115115115115115,0.8888484893322256
002042,0.03839146575123609,1.603305785123967,-1.5649143193727308,341,0.5485485485485485,1.038391465751236
002043,0.6362451876029613,2.3895348837209305,-1.7532896961179691,334,0.5025025025025025,1.6362451876029613
002044,2.3793481383187056,5.261538461538462,-2.8821903232197568,311,0.4594594594594595,3.3793481383187056
002045,-0.20618575602568545,1.164461247637051,-1.3706470036627365,344,0.47147147147147145,0.7938142439743145
002046,0.31881916149236367,0.10164424514200299,0.21717491635036068,339,0.4754754754754755,1.3188191614923637
002047,0.22397820066028107,0.1075441412520064,0.11643405940827467,322,0.5115115115115115,1.223978200660281
002048,-0.29452107095148106,0.4844006568144499,-0.7789217277659309,329,0.5195195195195195,0.7054789290485189
002049,0.006139387577212663,0.2450000000000001,-0.23886061242278744,322,0.5065065065065065,1.0061393875772127
002050,0.9668645235242941,3.1100917431192663,-2.143227219594972,343,0.5145145145145145,1.966864523524294
002051,-0.4725071479316397,0.49753694581280783,-0.9700440937444476,310,0.44244244244244246,0.5274928520683603
002052,-0.21781559568072728,-0.6666666666666667,0.44885107098593946,350,0.48348348348348347,0.7821844043192727
002053,0.3656102096663627,1.1522388059701494,-0.7866285963037867,329,0.5085085085085085,1.3656102096663627
002054,0.5855243573924465,0.649789029535865,-0.06426467214341858,293,0.4774774774774775,1.5855243573924465
002055,0.29783185442008553,0.5928961748633879,-0.29506432044330233,349,0.5105105105105106,1.2978318544200855
002056,-0.3152113509318386,1.2268370607028753,-1.542048411634714,328,0.5105105105105106,0.6847886490681614
002057,0.3556232001481767,0.4370078740157479,-0.0813846738675712,333,0.4994994994994995,1.3556232001481767
002058,0.7792086706718271,1.488111888111888,-0.7089032174400609,344,0.48148148148148145,1.779208670671827
002059,-0.27985359609047245,0.7412587412587412,-1.0211123373492137,335,0.4824824824824825,0.7201464039095276
002061,-0.21801162420317954,0.8880597014925371,-1.1060713256957166,331,0.5455455455455456,0.7819883757968205
002062,0.4580713227575566,1.0456852791878175,-0.5876139564302609,348,0.4944944944944945,1.4580713227575566
002063,-0.16646142299923372,-0.4510250569476081,0.28456363394837436,357,0.4874874874874875,0.8335385770007663
002064,-0.1037393674095477,0.09090909090909083,-0.19464845831863853,310,0.4994994994994995,0.8962606325904523
002065,0.8048512079202357,-0.18158236057068744,0.9864335684909231,339,0.5005005005005005,1.8048512079202357
002066,0.28482776908267904,0.7050505050505049,-0.4202227359678259,338,0.47847847847847846,1.284827769082679
002067,1.0082550067029397,1.849514563106796,-0.8412595564038563,335,0.5005005005005005,2.0082550067029397
002068,0.2891511490884988,1.3864306784660765,-1.0972795293775777,322,0.5345345345345346,1.2891511490884988
002069,-0.4555244466440569,-0.7813134732566012,0.3257890266125443,306,0.5145145145145145,0.5444755533559431
002072,1.401685627442483,-0.20359281437125742,1.6052784418137405,342,0.4804804804804805,2.401685627442483
002073,-0.24709787365653568,-0.11683417085427128,-0.1302637028022644,321,0.5455455455455456,0.7529021263434643
002074,4.143453485729703,1.69327731092437,2.450176174805333,372,0.5095095095095095,5.143453485729703
002075,4.086145355921044,4.322429906542056,-0.23628455062101228,331,0.4894894894894895,5.086145355921044
002076,-0.20965712396695235,0.19130434782608718,-0.40096147179303954,336,0.5055055055055055,0.7903428760330476
002077,1.029072558773473,0.6254295532646048,0.4036430055088682,359,0.5205205205205206,2.029072558773473
002078,0.5662492821441971,3.0891472868217056,-2.5228980046775087,334,0.4844844844844845,1.5662492821441971
002079,-0.07512293177228235,0.2331691297208538,-0.30829206149313615,307,0.4854854854854855,0.9248770682277176
002080,0.48724647888677275,0.21987315010570807,0.2673733287810647,337,0.5455455455455456,1.4872464788867727
002081,0.07287920159695149,0.43456162642947893,-0.36168242483252744,330,0.5165165165165165,1.0728792015969515
002082,0.6161543313952431,0.2492957746478872,0.3668585567473559,305,0.5225225225225225,1.6161543313952431
002083,3.1559252373986757,0.5570469798657718,2.598878257532904,331,0.5015015015015015,4.155925237398676
002084,0.6538171378036777,0.1724137931034484,0.4814033447002293,368,0.4864864864864865,1.6538171378036777
002085,1.033853910908391,1.835365853658537,-0.801511942750146,329,0.5055055055055055,2.033853910908391
002086,-0.20326166601336149,0.7597402597402598,-0.9630019257536213,319,0.5305305305305306,0.7967383339866385
002088,0.26517714522500113,1.937956204379562,-1.6727790591545608,354,0.5355355355355356,1.2651771452250011
002090,0.6622223514485288,0.7926186291739892,-0.13039627772546036,330,0.4644644644644645,1.6622223514485288
002091,-0.5296438096492754,0.019704433497536922,-0.5493482431468123,337,0.4854854854854855,0.4703561903507246
002092,0.10120117714400956,0.6666666666666667,-0.5654654895226572,306,0.4894894894894895,1.1012011771440096
002093,-0.1586204966648025,0.7338709677419355,-0.892491464406738,328,0.4924924924924925,0.8413795033351975
002094,0.6357111440377812,0.0755555555555556,0.5601555884822256,327,0.5685685685685685,1.6357111440377812
002095,-0.3938870197292954,1.1439954467842917,-1.537882466513587,334,0.4964964964964965,0.6061129802707046
002096,0.6669927729795251,-0.3932384341637011,1.060231207143226,343,0.4964964964964965,1.666992772979525
002097,1.1829268253307266,0.32675438596491246,0.8561724393658141,337,0.4874874874874875,2.1829268253307266
002098,-0.5142506940943101,0.27586206896551735,-0.7901127630598275,337,0.4624624624624625,0.4857493059056898
002100,0.43534670303227263,0.1060000000000001,0.32934670303227254,338,0.5155155155155156,1.4353467030322726
002101,-0.11430616398608795,0.42105263157894735,-0.5353587955650353,334,0.4854854854854855,0.885693836013912
002102,0.25422026370956585,0.5182926829268295,-0.26407241921726365,338,0.5245245245245245,1.2542202637095659
002103,-0.11474927149465697,0.378299120234604,-0.49304839172926096,331,0.5095095095095095,0.885250728505343
002104,1.200006589852649,-0.1425389755011136,1.3425455653537628,329,0.45845845845845845,2.200006589852649
002105,-0.1726983780715292,0.523809523809524,-0.6965079018810532,323,0.4974974974974975,0.8273016219284708
002106,0.1262478515369907,-0.47058823529411764,0.5968360868311083,340,0.5275275275275275,1.1262478515369907
002107,0.04182124098874862,1.1155234657039714,-1.0737022247152228,314,0.5195195195195195,1.0418212409887486
002108,0.25929338960469916,2.203296703296703,-1.9440033136920039,324,0.4744744744744745,1.2592933896046992
002109,0.9158340994145044,0.10094637223974767,0.8148877271747568,316,0.4844844844844845,1.9158340994145044
002110,1.8828291687690304,2.969387755102041,-1.0865585863330107,358,0.5075075075075075,2.8828291687690304
002111,0.3403257061603089,0.2824302134646961,0.05789549269561278,351,0.4804804804804805,1.3403257061603089
002112,0.5203068207535366,0.1916817359855334,0.32862508476800323,307,0.4824824824824825,1.5203068207535366
002114,0.458221401564221,0.25130890052356025,0.20691250104066072,320,0.4544544544544545,1.458221401564221
002115,0.7520555291632531,0.5089108910891089,0.24314463807414421,332,0.5165165165165165,1.7520555291632531
002116,0.4428558963868561,0.2622950819672132,0.1805608144196429,342,0.4944944944944945,1.442855896386856
002117,0.5239972304575926,0.3114478114478114,0.2125494190097812,328,0.4894894894894895,1.5239972304575926
002119,-0.5480438388226657,1.2196382428940566,-1.7676820817167225,355,0.5025025025025025,0.4519561611773343
002120,1.0968466260622098,6.163636363636363,-5.066789737574153,328,0.5055055055055055,2.09684662606221
002121,-0.10586233842517034,0.9269102990033224,-1.0327726374284927,311,0.4794794794794795,0.8941376615748297
002122,-0.6313921142856993,-0.5035799522673031,-0.12781216201839618,347,0.5155155155155156,0.36860788571430064
002123,0.08941245868759307,0.15256588072122068,-0.06315342203362762,343,0.5065065065065065,1.089412458687593
002124,0.24419421440087552,1.6543209876543208,-1.4101267732534453,326,0.5205205205205206,1.2441942144008755
002126,0.5338187016007292,0.693516699410609,-0.1596979978098798,328,0.5045045045045045,1.5338187016007292
002128,1.1590191322136763,0.1526418786692758,1.0063772535444004,339,0.4694694694694695,2.1590191322136763
002129,-0.20127953203351745,0.2440191387559809,-0.44529867078949836,312,0.4934934934934935,0.7987204679664826
002130,0.2643581781195594,0.6794871794871795,-0.4151290013676201,339,0.5375375375375375,1.2643581781195594
002131,-0.16565181131455364,0.11023622047244097,-0.2758880317869946,324,0.47047047047047047,0.8343481886854464
002132,-0.04127678240977595,0.41025641025641035,-0.4515331926661863,320,0.4874874874874875,0.958723217590224
002133,1.1880595127194153,0.15909090909090895,1.0289686036285064,312,0.48348348348348347,2.1880595127194153
002134,-0.5082618723506986,-0.02571860816944027,-0.48254326418125837,322,0.5205205205205206,0.4917381276493013
002135,1.4656335002057181,0.8165680473372781,0.6490654528684401,322,0.5325325325325325,2.465633500205718
002136,1.9718174503772463,1.2826797385620914,0.6891377118151549,309,0.4774774774774775,2.9718174503772463
002137,1.6053106829158619,0.4850746268656718,1.12023605605019,330,0.4924924924924925,2.605310682915862
002138,1.5035945218084632,0.6613965744400527,0.8421979473684105,326,0.5065065065065065,2.503594521808463
002139,0.004530747378394873,1.2879377431906618,-1.283406995812267,341,0.4644644644644645,1.0045307473783949
002140,-0.5103805506016661,-0.53125,0.020869449398333906,319,0.4864864864864865,0.4896194493983339
002141,0.450585622167168,0.94,-0.4894143778328319,317,0.4804804804804805,1.450585622167168
002142,0.5541890724954714,3.146282973621103,-2.5920939011256316,326,0.4994994994994995,1.5541890724954714
002144,-0.20856691278567074,-0.38809387521465366,0.17952696242898292,349,0.46546546546546547,0.7914330872143293
002145,0.22890068990855061,0.8597560975609757,-0.6308554076524251,343,0.5145145145145145,1.2289006899085506
002146,-0.2394086329115943,1.4134078212290504,-1.6528164541406447,340,0.4844844844844845,0.7605913670884057
002148,0.36310967562477403,-0.3382624768946395,0.7013721525194135,335,0.4804804804804805,1.363109675624774
002149,0.5755214175767451,0.4634551495016612,0.11206626807508391,338,0.5085085085085085,1.5755214175767451
002150,0.1302922901297474,0.27098321342925646,-0.14069092329950905,326,0.5025025025025025,1.1302922901297474
002151,0.11802110098792484,0.01926080166579891,0.09876029932212593,326,0.5025025025025025,1.1180211009879248
002152,0.5871695430154942,0.003236245954692629,0.5839332970608015,340,0.5075075075075075,1.5871695430154942
002153,-0.1973488304574187,0.6072607260726075,-0.8046095565300262,303,0.4644644644644645,0.8026511695425813
002154,1.1290714107865432,0.03349282296650724,1.095578587820036,345,0.4644644644644645,2.129071410786543
002155,0.164017962855594,0.06434782608695655,0.09967013676863745,340,0.4394394394394394,1.164017962855594
002156,2.93939435585432,1.3577777777777778,1.581616578076542,347,0.5305305305305306,3.93939435585432
002157,0.8284897772147422,0.4641350210970465,0.36435475611769563,298,0.4874874874874875,1.8284897772147422
002158,-0.4678437286532243,0.33149171270718236,-0.7993354413604067,355,0.5065065065065065,0.5321562713467757
002159,-0.130660339990599,0.278481012658228,-0.409141352648827,334,0.47047047047047047,0.869339660009401
002161,0.3346122847095012,-0.19591346153846156,0.5305257462479628,307,0.4994994994994995,1.3346122847095012
002162,-0.26826661171212407,-0.04664723032069973,-0.22161938139142434,339,0.4894894894894895,0.7317333882878759
002163,0.17416179709246693,0.2459893048128341,-0.07182750772036717,326,0.5125125125125125,1.174161797092467
002164,-0.0702086261156013,-0.2661290322580646,0.1959204061424633,335,0.47847847847847846,0.9297913738843987
002165,0.4701548817147283,-0.11279826464208254,0.5829531463568108,347,0.5055055055055055,1.4701548817147283
002168,0.2230394996024443,0.23230974632843804,-0.009270246725993747,324,0.5365365365365365,1.2230394996024443
002169,-0.16047469061379116,0.7843866171003717,-0.9448613077141629,312,0.47647647647647645,0.8395253093862088
002170,-0.55179511130551,-0.4658273381294963,-0.08596777317601367,316,0.5095095095095095,0.44820488869449
002171,-0.683878190369177,0.5111821086261983,-1.1950602989953754,340,0.4794794794794795,0.31612180963082304
002172,1.6448909163823364,0.09478672985782,1.5501041865245164,348,0.5235235235235235,2.6448909163823364
002173,-0.08874876195653936,0.046539379474940246,-0.1352881414314796,323,0.4904904904904905,0.9112512380434606
002174,0.40056765505341274,-0.039907460960092456,0.4404751160135052,332,0.5135135135135135,1.4005676550534127
002175,-0.27374517539007504,0.8106312292358806,-1.0843764046259556,319,0.4964964964964965,0.726254824609925
002176,-0.02608180467768262,0.9393939393939392,-0.9654757440716218,318,0.5075075075075075,0.9739181953223174
002177,-0.16548344789578462,-0.07977736549165115,-0.08570608240413347,329,0.5005005005005005,0.8345165521042154
002178,0.9257144197596658,0.5631313131313131,0.3625831066283527,305,0.5155155155155156,1.9257144197596658
002179,2.80247337079375,2.4935400516795863,0.30893331911416366,331,0.4894894894894895,3.80247337079375
002181,-0.5620590612522551,-0.3245901639344262,-0.23746889731782894,337,0.5145145145145145,0.4379409387477448
002182,-0.1418609275781375,1.109704641350211,-1.2515655689283485,343,0.4744744744744745,0.8581390724218625
002183,0.6035834487702691,0.9021406727828745,-0.2985572240126053,330,0.5185185185185185,1.6035834487702691
002184,1.2085476447439696,1.0398406374501996,0.16870700729376997,347,0.5265265265265265,2.2085476447439696
002185,-0.08118959229023137,0.6515957446808511,-0.7327853369710825,345,0.5075075075075075,0.9188104077097686
002186,-0.5120085698944377,-0.11079219288174524,-0.4012163770126924,341,0.5205205205205206,0.4879914301055624
002187,0.0741430029695409,0.3196969696969698,-0.2455539667274289,334,0.45145145145145144,1.074143002969541
002188,-0.42850479505589656,-0.5790094339622642,0.15050463890636767,320,0.45345345345345345,0.5714952049441034
002189,-0.13756926197513186,0.7917222963951935,-0.9292915583703254,332,0.48148148148148145,0.8624307380248681
002191,0.2483124110299606,0.15277777777777768,0.09553463325218292,332,0.4754754754754755,1.2483124110299606
002192,-0.09669623300642127,2.4650112866817158,-2.561707519688137,320,0.4824824824824825,0.9033037669935787
002194,0.1923041437250952,0.011816838995568624,0.18048730472952657,303,0.48148148148148145,1.1923041437250952
002197,1.7859412742636271,0.44505494505494503,1.3408863292086821,346,0.4974974974974975,2.785941274263627
002198,-0.15188907197983825,-0.15650969529085867,0.004620623311020422,347,0.4844844844844845,0.8481109280201617
002199,0.341733325215944,-0.37755102040816335,0.7192843456241074,322,0.5005005005005005,1.341733325215944
002200,1.2409752586425076,-0.433655006031363,1.6746302646738704,335,0.5345345345345346,2.2409752586425076
002201,1.3906280904638701,0.5441860465116279,0.8464420439522422,313,0.5455455455455456,2.39062809046387
002202,0.07163217939713484,1.6316872427983538,-1.560055063401219,325,0.5055055055055055,1.0716321793971348
002203,1.195732143950861,0.3561643835616437,0.8395677603892173,335,0.4854854854854855,2.195732143950861
002204,-0.4215953049109763,-0.024752475247524774,-0.3968428296634515,332,0.4964964964964965,0.5784046950890237
002205,-0.11246636001596155,0.04121475054229928,-0.15368111055826084,326,0.4964964964964965,0.8875336399840384
002206,0.5496743757657674,1.6756756756756759,-1.1260012999099085,344,0.4964964964964965,1.5496743757657674
002207,0.5292060447121754,-0.286563614744352,0.8157696594565274,341,0.4674674674674675,1.5292060447121754
002208,0.32146684451466734,0.3025641025641026,0.01890274195056474,322,0.5005005005005005,1.3214668445146673
002209,-0.5114178427452449,-0.13767019667170954,-0.3737476460735354,304,0.47847847847847846,0.4885821572547551
002210,1.8861447562860318,0.330049261083744,1.5560954952022878,318,0.4754754754754755,2.886144756286032
002211,0.7415594258298359,0.4092009685230025,0.33235845730683344,322,0.4954954954954955,1.741559425829836
002212,1.3727057218706342,2.504950495049505,-1.1322447731788707,354,0.5245245245245245,2.372705721870634
002213,-0.523971080288872,0.46364719904648366,-0.9876182793353556,352,0.4794794794794795,0.476028919711128
002214,-0.28028006753151924,-0.06722689075630262,-0.21305317677521662,375,0.48848848848848847,0.7197199324684808
002215,-0.6776930189109498,0.195227765726681,-0.8729207846376308,326,0.46646646646646645,0.3223069810890502
002216,0.25843460153203357,-0.2964285714285715,0.5548631729606051,328,0.45645645645645644,1.2584346015320336
002217,0.8861332607611561,1.996,-1.109866739238844,343,0.47647647647647645,1.886133260761156
002218,1.9949859044784168,0.20679012345679015,1.7881957810216267,344,0.5025025025025025,2.994985904478417
002219,-0.40466621001726644,-0.6704980842911877,0.2658318742739213,329,0.4844844844844845,0.5953337899827336
002221,0.5780330338291606,1.3201663201663205,-0.7421332863371599,331,0.48148148148148145,1.5780330338291606
002222,1.4231553843843496,1.8600917431192658,-0.4369363587349162,340,0.47847847847847846,2.4231553843843496
002223,-0.42537069277219763,0.6477561388653683,-1.073126831637566,328,0.5145145145145145,0.5746293072278024
002224,-0.45306314857002605,0.022058823529411686,-0.47512197209943774,332,0.4804804804804805,0.546936851429974
002225,0.9716301397249278,-0.125,1.0966301397249278,332,0.4744744744744745,1.9716301397249278
002226,-0.12235647924234794,-0.1741071428571429,0.05175066361479497,376,0.48148148148148145,0.8776435207576521
002227,0.9506557298931171,0.2142857142857142,0.7363700156074029,319,0.4964964964964965,1.950655729893117
002228,0.8621594059522211,1.608187134502924,-0.7460277285507029,335,0.5095095095095095,1.862159405952221
002229,-0.22247054576610958,0.07049345417925479,-0.2929639999453644,337,0.46346346346346345,0.7775294542338904
002230,0.4251852806237697,2.101151315789474,-1.6759660351657042,328,0.4944944944944945,1.4251852806237697
002231,0.6621997072299506,0.034055727554179516,0.6281439796757711,322,0.5135135135135135,1.6621997072299506
002232,-0.5419070789198813,0.0688806888068878,-0.6107877677267691,346,0.5385385385385385,0.4580929210801187
002233,0.17365109045877491,0.9834710743801653,-0.8098199839213904,344,0.5035035035035035,1.173651090458775
002234,0.7990388506054553,-0.06621773288439958,0.8652565834898549,343,0.4624624624624625,1.7990388506054553
002235,-0.07841980435549711,0.23529411764705888,-0.313713922002556,317,0.5265265265265265,0.9215801956445029
002236,1.1436476921896337,0.5721323011963404,0.5715153909932933,344,0.4954954954954955,2.1436476921896337
002237,-0.043779785419218786,0.4148936170212767,-0.4586734024404955,306,0.4914914914914915,0.9562202145807812
002238,-0.30765878838134453,-0.1306122448979593,-0.17704654348338522,332,0.5165165165165165,0.6923412116186555
002239,-0.3260703648163902,-0.1953488372093023,-0.13072152760708788,326,0.5145145145145145,0.6739296351836098
002240,0.14837073015943814,-0.2281967213114754,0.37656745147091353,353,0.4914914914914915,1.1483707301594381
002241,0.49983677262556214,-0.1542056074766356,0.6540423801021977,334,0.5175175175175175,1.4998367726255621
002242,-0.09901275232314277,0.9668174962292608,-1.0658302485524036,335,0.4914914914914915,0.9009872476768572
002243,0.0620337404331579,0.09731543624161065,-0.03528169580845275,334,0.5035035035035035,1.062033740433158
002244,1.6102151486030047,1.302491103202847,0.30772404540015774,328,0.5165165165165165,2.6102151486030047
002245,-0.19779112639489016,2.0,-2.19779112639489,309,0.5325325325325325,0.8022088736051098
002246,0.05166034445639123,0.17712177121771222,-0.125461426761321,350,0.5265265265265265,1.0516603444563912
002247,1.1896413283173102,0.4878048780487805,0.7018364502685297,329,0.5045045045045045,2.18964132831731
002248,1.7868417005069737,0.22038567493112948,1.5664560255758442,347,0.5055055055055055,2.7868417005069737
002249,0.6240246920016854,-0.13834951456310685,0.7623742065647923,317,0.5095095095095095,1.6240246920016854
002250,-0.09336448148645082,-0.2566302652106085,0.16326578372415768,365,0.4984984984984985,0.9066355185135492
002251,0.0642713649796054,0.18067978533094808,-0.11640842035134269,329,0.46146146146146144,1.0642713649796054
002252,-0.2485024438188268,0.2195892575039493,-0.4680917013227761,319,0.5225225225225225,0.7514975561811732
002253,-0.029953757728173658,-0.009324009324009341,-0.020629748404164316,328,0.5425425425425425,0.9700462422718263
002254,0.4977981398743423,0.8900709219858158,-0.39227278211147354,340,0.45645645645645644,1.4977981398743423
002255,0.4727758492798124,-0.40220385674931125,0.8749797060291237,338,0.5165165165165165,1.4727758492798124
002256,-0.5038675133932574,0.8955223880597016,-1.3993899014529592,339,0.4984984984984985,0.4961324866067426
002258,2.269864739293579,2.3959899749373434,-0.12612523564376454,338,0.5005005005005005,3.269864739293579
002259,0.4509321739257546,-0.6611195158850227,1.1120516898107773,342,0.5355355355355356,1.4509321739257546
002261,-0.14634962984372812,-0.38397790055248626,0.23762827070875814,328,0.4864864864864865,0.8536503701562719
002262,0.38836202205720793,0.5141843971631204,-0.12582237510591243,350,0.5295295295295295,1.388362022057208
002263,0.9041157443276355,-0.031531531531531654,0.9356472758591672,349,0.5365365365365365,1.9041157443276355
002264,0.4095946242036914,-0.024242424242424176,0.4338370484461156,355,0.4744744744744745,1.4095946242036914
002265,0.3269236750924247,0.825657894736842,-0.49873421964441733,330,0.4864864864864865,1.3269236750924247
002267,-0.43402851978932533,-0.22869955156950672,-0.2053289682198186,321,0.5175175175175175,0.5659714802106747
002268,0.46498073893173175,2.578271028037383,-2.1132902891056515,341,0.4844844844844845,1.4649807389317318
002269,-0.2853823962474159,-0.36051502145922754,0.07513262521181163,340,0.47347347347347346,0.7146176037525841
002270,-0.30074666621583934,-0.2676659528907923,-0.03308071332504703,329,0.4894894894894895,0.6992533337841607
002271,1.9032301636596864,1.976923076923077,-0.07369291326339056,317,0.5295295295295295,2.9032301636596864
002272,-0.675427744957575,-0.1541950113378685,-0.5212327336197065,330,0.5115115115115115,0.324572255042425
002273,0.3304967906623899,0.7116666666666667,-0.38116987600427676,332,0.4774774774774775,1.33049679066239
002274,-0.22772394301491627,0.4522821576763485,-0.6800061006912648,336,0.4674674674674675,0.7722760569850837
002275,-0.4560063825331506,0.09891196834817007,-0.5549183508813207,330,0.5315315315315315,0.5439936174668494
002276,0.09875086180156933,0.6233183856502242,-0.5245675238486549,349,0.4864864864864865,1.0987508618015693
002277,1.2160309892888859,-0.1749539594843461,1.390984948773232,345,0.5275275275275275,2.216030989288886
002278,-0.3536445087935782,-0.29909706546275394,-0.054547443330824286,335,0.4794794794794795,0.6463554912064218
002281,2.1487207105655153,0.8689236111111114,1.279797099454404,332,0.45845845845845845,3.1487207105655153
002282,0.6181968176429729,0.7489626556016595,-0.13076583795868668,332,0.5345345345345346,1.6181968176429729
002283,0.6924264849310697,0.32786885245901654,0.3645576324720532,336,0.4794794794794795,1.6924264849310697
002284,1.0573914468650845,0.7475961538461537,0.3097952930189307,359,0.47647647647647645,2.0573914468650845
002285,0.043950018823235126,1.8233695652173911,-1.779419546394156,328,0.5445445445445446,1.0439500188232351
002286,-0.1631903688723645,-0.1358189081225033,-0.027371460749861187,347,0.46846846846846846,0.8368096311276355
002287,0.4344060656195665,0.32624633431085037,0.10815973130871614,303,0.5335335335335335,1.4344060656195665
002289,0.021756388216326084,-0.38957597173144876,0.41133235994777484,322,0.5355355355355356,1.021756388216326
002291,-0.11449159697374345,-0.11775043936731122,0.0032588423935677735,339,0.5315315315315315,0.8855084030262566
002292,-0.2482829375625043,-0.3631123919308358,0.11482945436833147,321,0.5305305305305306,0.7517170624374957
002293,0.26179544040558866,0.595505617977528,-0.3337101775719393,347,0.4974974974974975,1.2617954404055887
002294,0.33176473345410584,0.8389491719017703,-0.5071844384476645,330,0.48848848848848847,1.3317647334541058
002296,2.2545986144879495,-0.3714788732394366,2.626077487727386,322,0.4924924924924925,3.2545986144879495
002297,-0.6097249888177247,-0.2987421383647798,-0.31098285045294494,343,0.48148148148148145,0.3902750111822752
002298,-0.07231517822058597,-0.08876560332871009,0.01645042510812411,316,0.4804804804804805,0.927684821779414
002299,0.4775842591038797,0.7070151306740029,-0.2294308715701232,367,0.5065065065065065,1.4775842591038797
002300,0.5329180947298269,0.9838709677419355,-0.4509528730121086,337,0.4974974974974975,1.5329180947298269
002301,0.606584791768374,1.2865853658536586,-0.6800005740852846,325,0.5235235235235235,1.606584791768374
002302,2.045824481110449,1.706,0.33982448111044894,346,0.4874874874874875,3.045824481110449
002303,-0.6786568254345636,0.26007326007326004,-0.9387300855078237,330,0.5025025025025025,0.3213431745654364
002304,2.974178209817032,3.9094890510948908,-0.9353108412778588,333,0.4724724724724725,3.974178209817032
002305,0.31499662261790284,-0.1729490022172948,0.48794562483519766,326,0.4964964964964965,1.3149966226179028
002306,-0.25102428014140565,-0.4877126654064272,0.23668838526502156,333,0.5095095095095095,0.7489757198585943
002307,-0.22282091304360552,1.5229007633587788,-1.7457216764023844,332,0.5035035035035035,0.7771790869563945
002309,-0.09814410837277132,-0.5245901639344261,0.4264460555616548,325,0.5325325325325325,0.9018558916272287
002310,0.4695094945460414,-0.03431952662721882,0.5038290211732602,298,0.4874874874874875,1.4695094945460414
002311,1.0471062756319607,1.546853146853147,-0.49974687122118633,363,0.4804804804804805,2.0471062756319607
002312,-0.5772364898627109,-0.47554806070826305,-0.10168842915444787,326,0.4894894894894895,0.42276351013728913
002313,0.6502337994073311,0.2836004932182492,0.36663330618908185,333,0.4874874874874875,1.650233799407331
002314,-0.08061185076246502,0.03300330033003296,-0.11361515109249798,319,0.4724724724724725,0.919388149237535
002315,-0.20765233209247835,-0.08624454148471628,-0.12140779060776208,328,0.5115115115115115,0.7923476679075216
002316,0.3951188332016362,-0.10869565217391308,0.5038144853755493,360,0.5005005005005005,1.3951188332016362
002317,-0.06809104538011723,0.30805687203791465,-0.3761479174180319,343,0.4904904904904905,0.9319089546198828
002318,0.1544009329905376,-0.04477611940298509,0.19917705239352268,322,0.45145145145145144,1.1544009329905376
002319,1.1519582755371185,1.0185676392572947,0.13339063627982384,328,0.4944944944944945,2.1519582755371185
002320,0.8555820085100281,0.8877005347593581,-0.03211852624932998,330,0.4914914914914915,1.855582008510028
002321,-0.36947353166109254,0.11056105610561073,-0.48003458776670327,328,0.5115115115115115,0.6305264683389075
002322,0.21650017122745102,0.12581344902386116,0.09068672220358986,342,0.47047047047047047,1.216500171227451
002323,-0.42667312935696367,-0.578544061302682,0.15187093194571832,337,0.5205205205205206,0.5733268706430363
002324,-0.35180720043353575,0.1488372093023258,-0.5006444097358616,361,0.5145145145145145,0.6481927995664643
002326,1.755295930953638,0.8210526315789475,0.9342432993746905,334,0.4894894894894895,2.755295930953638
002327,0.6654473613554612,0.8012048192771086,-0.1357574579216474,343,0.4994994994994995,1.6654473613554612
002328,0.7898330220526262,-0.3248407643312101,1.1146737863838363,364,0.5135135135135135,1.7898330220526262
002329,0.34502188444606263,-0.05386416861826693,0.39888605306432956,307,0.5285285285285285,1.3450218844460626
002330,-0.7169453130203405,0.16573556797020483,-0.8826808809905453,323,0.4944944944944945,0.28305468697965946
002331,-0.3439502308600171,0.6064814814814814,-0.9504317123414985,319,0.5205205205205206,0.6560497691399829
002332,0.10156983343610615,0.28816793893129766,-0.1865981054951915,320,0.4644644644644645,1.1015698334361061
002333,2.006819060148686,2.2939866369710464,-0.28716757682236027,344,0.5185185185185185,3.006819060148686
002334,0.6263666664561467,0.3166926677067081,0.3096739987494386,329,0.5125125125125125,1.6263666664561467
002335,-0.07379691025748603,0.3991507430997876,-0.4729476533572736,336,0.47047047047047047,0.926203089742514
002337,3.0018372692120368,0.3575581395348837,2.644279129677153,325,0.46546546546546547,4.001837269212037
002338,0.0030185602026799874,0.06213266162888331,-0.059114101426203325,350,0.5325325325325325,1.00301856020268
002339,1.7116429620842655,-0.05657492354740068,1.7682178856316662,334,0.4994994994994995,2.7116429620842655
002340,0.6803733599261408,1.2167832167832167,-0.5364098568570759,314,0.5065065065065065,1.6803733599261408
002342,1.1937079177840921,-0.02716468590831911,1.2208726036924111,333,0.4824824824824825,2.193707917784092
002343,-0.23065056472390422,1.159709618874773,-1.3903601835986774,339,0.5155155155155156,0.7693494352760958
002344,-0.4028632044935053,-0.7510775862068966,0.34821438171339125,329,0.4754754754754755,0.5971367955064947
002345,-0.3218861602259838,-0.09307875894988082,-0.228807401276103,355,0.4864864864864865,0.6781138397740162
002347,-0.5267116548881682,-0.01897018970189701,-0.5077414651862712,334,0.5065065065065065,0.4732883451118318
002348,0.3796350269070179,0.26543209876543195,0.11420292814158595,350,0.4984984984984985,1.379635026907018
002349,-0.09378374745639251,0.4519480519480519,-0.5457317994044444,360,0.5155155155155156,0.9062162525436075
002350,0.7290088448854988,0.5858823529411765,0.14312649194432225,329,0.5145145145145145,1.7290088448854988
002351,0.25454989401708117,0.3222222222222222,-0.06767232820514102,340,0.5145145145145145,1.2545498940170812
002352,0.38114156512892694,5.10126582278481,-4.720124257655883,336,0.4924924924924925,1.381141565128927
002353,0.2840379243671525,-0.6754606365159128,0.9594985608830653,340,0.4864864864864865,1.2840379243671525
002355,-0.3491548298344317,0.08356545961002793,-0.4327202894444596,320,0.5065065065065065,0.6508451701655683
002357,-0.5229443282906312,0.010544815465729274,-0.5334891437563605,314,0.5315315315315315,0.47705567170936886
002358,0.09441798218070496,0.5256653992395439,-0.43124741705883896,344,0.4824824824824825,1.094417982180705
002360,-0.11670019094400108,0.16666666666666674,-0.2833668576106678,304,0.46646646646646645,0.8832998090559989
002361,-0.09658491562648741,0.48523206751054837,-0.5818169831370358,325,0.4804804804804805,0.9034150843735126
002362,-0.0768055268376393,0.6135849056603773,-0.6903904324980166,340,0.5105105105105106,0.9231944731623607
002363,-0.317421036673355,0.0033277870216306127,-0.3207488236949856,337,0.5255255255255256,0.682578963326645
002364,0.13674279462308814,0.5555555555555556,-0.41881276093246744,343,0.4924924924924925,1.1367427946230881
002365,1.4303944157834376,2.4711191335740073,-1.0407247177905696,340,0.4934934934934935,2.4303944157834376
002366,0.7755738017969878,1.2603305785123968,-0.48475677671540907,329,0.4774774774774775,1.7755738017969878
002367,0.04404732968316449,0.28,-0.23595267031683553,325,0.4984984984984985,1.0440473296831645
002368,0.2518749314487061,0.31339031339031354,-0.06151538194160744,323,0.4874874874874875,1.251874931448706
002369,-0.25215373277603803,-0.09728506787330315,-0.15486866490273488,304,0.5035035035035035,0.747846267223962
002370,0.24150865042132996,0.5603448275862071,-0.3188361771648771,358,0.5275275275275275,1.24150865042133
002371,1.0011179143850666,1.2654978083907324,-0.26437989400566586,321,0.5145145145145145,2.0011179143850666
002372,1.4821991446712954,3.602803738317757,-2.1206045936464615,328,0.48848848848848847,2.4821991446712954
002373,1.8370415945073724,1.259597806215722,0.5774437882916503,334,0.5175175175175175,2.8370415945073724
002374,0.6234154860810219,0.1806451612903226,0.44277032479069933,341,0.4894894894894895,1.623415486081022
002375,0.058673923206378875,-0.4848979591836735,0.5435718823900524,335,0.5095095095095095,1.0586739232063789
002376,-0.2531530685370037,0.6612716763005779,-0.9144247448375816,354,0.46546546546546547,0.7468469314629963
002377,0.7612512236421727,0.28739002932551294,0.47386119431665974,322,0.5325325325325325,1.7612512236421727
002378,0.68958021005407,-0.010989010989011061,0.7005692210430811,348,0.4964964964964965,1.68958021005407
002379,0.42801151490513334,0.1840277777777779,0.24398373712735544,328,0.4744744744744745,1.4280115149051333
002380,0.5250359808232528,0.33396226415094343,0.19107371667230932,356,0.4964964964964965,1.5250359808232528
002381,0.8328902618631673,-0.07142857142857151,0.9043188332917388,300,0.5095095095095095,1.8328902618631673
002382,0.25975296487620136,2.3377110694183862,-2.077958104542185,325,0.4964964964964965,1.2597529648762014
002383,0.4547704619771613,1.0794701986754967,-0.6246997366983353,284,0.5085085085085085,1.4547704619771613
002384,1.2925464064643726,0.8687782805429864,0.42376812592138613,283,0.4954954954954955,2.2925464064643726
002385,-0.034838617653201176,-0.17173252279635254,0.13689390514315136,325,0.5315315315315315,0.9651613823467988
002386,0.08423170692639737,0.4214876033057853,-0.3372558963793879,321,0.4794794794794795,1.0842317069263974
002387,-0.20182767221295872,1.1891385767790261,-1.390966248991985,314,0.5015015015015015,0.7981723277870413
002388,3.911849023605937,0.2807424593967518,3.631106564209185,347,0.5255255255255256,4.911849023605937
002390,-0.4816829609289215,0.30800000000000005,-0.7896829609289215,314,0.5015015015015015,0.5183170390710785
002391,-0.6851376079816205,-0.14051522248243553,-0.544622385499185,320,0.4694694694694695,0.31486239201837946
002392,0.30381102093811974,0.16467065868263475,0.13914036225548498,337,0.5115115115115115,1.3038110209381197
002393,-0.440595647788655,-0.23940020682523266,-0.20119544096342235,313,0.5175175175175175,0.559404352211345
002394,0.6262888616052693,0.2364457831325304,0.3898430784727389,333,0.4984984984984985,1.6262888616052693
002395,-0.23334884226482677,0.5503731343283582,-0.783721976593185,352,0.46646646646646645,0.7666511577351732
002396,0.6953389611395029,0.2507068803016024,0.4446320808379005,329,0.4874874874874875,1.6953389611395029
002397,0.5828945709098006,0.781569965870307,-0.19867539496050646,322,0.4954954954954955,1.5828945709098006
002398,-0.2565188343397573,0.029082774049216997,-0.2856016083889743,331,0.48848848848848847,0.7434811656602427
002399,0.14884573344093233,0.4716814159292033,-0.322835682488271,332,0.4754754754754755,1.1488457334409323
002400,-0.6898511940427468,-0.7097142857142857,0.01986309167153899,332,0.47047047047047047,0.31014880595725325
002401,0.049245339548197986,0.32978723404255317,-0.2805418944943552,311,0.5525525525525525,1.049245339548198
002402,2.6978425824251677,3.00836820083682,-0.31052561841165227,310,0.4774774774774775,3.6978425824251677
002403,0.3574189973064439,0.5861027190332326,-0.22868372172678875,341,0.47647647647647645,1.3574189973064439
002404,2.136074135649468,0.9798387096774195,1.1562354259720484,327,0.4944944944944945,3.136074135649468
002405,5.262114594043241,1.3419117647058822,3.9202028293373585,314,0.4934934934934935,6.262114594043241
002406,0.5270764104775019,0.6715976331360949,-0.14452122265859302,304,0.4934934934934935,1.5270764104775019
002407,-0.21316250110370105,1.5504322766570602,-1.7635947777607612,352,0.5055055055055055,0.786837498896299
002408,0.8034581181153908,1.75,-0.9465418818846092,333,0.5015015015015015,1.8034581181153908
002409,1.6533588223457425,1.1862871927554979,0.4670716295902446,340,0.4744744744744745,2.6533588223457425
002410,0.45687297755546874,0.7289999999999999,-0.27212702244453113,346,0.47647647647647645,1.4568729775554687
002412,-0.39268439920408016,-0.013143483023001168,-0.379540916181079,324,0.5045045045045045,0.6073156007959198
002413,0.3780606738435697,1.5213675213675217,-1.143306847523952,351,0.5245245245245245,1.3780606738435697
002414,-0.11668967594843838,-0.3946587537091988,0.2779690777607604,336,0.47647647647647645,0.8833103240515616
002415,1.6289989832068597,3.324358974358974,-1.6953599911521144,308,0.5265265265265265,2.6289989832068597
002416,-0.5700700581860694,-0.5653809971777988,-0.004689061008270601,332,0.5065065065065065,0.4299299418139306
002418,-0.07175149418795546,0.5044247787610621,-0.5761762729490175,330,0.5265265265265265,0.9282485058120445
002419,0.9983958865613383,0.9550102249488754,0.04338566161246282,311,0.48348348348348347,1.9983958865613383
002420,-0.07444976373857082,-0.2773109243697479,0.2028611606311771,325,0.5075075075075075,0.9255502362614292
002421,-0.3549754733624555,0.4724409448818898,-0.8274164182443453,333,0.5045045045045045,0.6450245266375445
002422,-0.11464643132704522,1.0217898832684824,-1.1364363145955276,318,0.5115115115115115,0.8853535686729548
002423,0.6831912280168027,0.07169344870210126,0.6114977793147014,318,0.4794794794794795,1.6831912280168027
002424,0.5930220445888026,0.6014580801944105,-0.008436035605607906,315,0.5135135135135135,1.5930220445888026
002425,0.37650562002946697,0.08349146110056926,0.2930141589288977,315,0.5255255255255256,1.376505620029467
002426,0.12869307979128553,-0.020979020979021046,0.14967210077030657,329,0.4844844844844845,1.1286930797912855
002427,0.9579360929499063,2.715425531914894,-1.7574894389649878,329,0.4984984984984985,1.9579360929499063
002428,1.360590466080085,-0.21279761904761896,1.573388085127704,327,0.5115115115115115,2.360590466080085
002429,0.5722885325838478,-0.16959064327485385,0.7418791758587017,305,0.5055055055055055,1.5722885325838478
002430,1.549569253149154,0.9872000000000001,0.562369253149154,338,0.4934934934934935,2.549569253149154
002431,0.33692713230825233,-0.40736196319018403,0.7442890954984364,327,0.5025025025025025,1.3369271323082523
002432,0.29251791663451576,-0.09435797665369638,0.38687589328821215,330,0.5435435435435435,1.2925179166345158
002434,0.6603545046513379,2.275862068965518,-1.6155075643141799,327,0.4924924924924925,1.660354504651338
002436,0.6616339043113251,0.40273037542662116,0.2589035288847039,321,0.5005005005005005,1.661633904311325
002437,-0.3572978698714592,-0.49097472924187724,0.13367685937041807,337,0.4994994994994995,0.6427021301285408
002438,0.804595454470707,0.0017064846416381396,0.8028889698290689,295,0.5055055055055055,1.804595454470707
002439,0.8028040232622602,1.2774274905422445,-0.4746234672799843,330,0.48148148148148145,1.8028040232622602
002440,-0.11799231665584542,0.4026143790849672,-0.5206066957408126,304,0.4874874874874875,0.8820076833441546
002441,-0.21044989765749855,0.15858208955223874,-0.3690319872097373,341,0.44544544544544545,0.7895501023425014
002442,0.18919278386492566,0.6960000000000002,-0.5068072161350745,338,0.4894894894894895,1.1891927838649257
002443,-0.20522216309603325,-0.1454918032786885,-0.05973035981734476,320,0.4694694694694695,0.7947778369039668
002444,0.6925470186405795,0.475206611570248,0.21734040707033153,327,0.46146146146146144,1.6925470186405795
002448,-0.44265289290358245,0.8635235732009925,-1.306176466104575,350,0.48148148148148145,0.5573471070964175
002449,1.5235865944485183,1.1794871794871797,0.34409941496133856,355,0.5245245245245245,2.5235865944485183
002451,-0.24721377699100366,0.37896825396825395,-0.6261820309592576,306,0.4844844844844845,0.7527862230089963
002452,-0.07749886163945996,-0.16385542168674705,0.08635656004728709,330,0.5065065065065065,0.92250113836054
002453,2.604891773466138,-0.03903345724907059,2.6439252307152086,315,0.4924924924924925,3.604891773466138
002454,0.5928751768078833,0.5105105105105106,0.08236466629737271,346,0.5085085085085085,1.5928751768078833
002455,0.1541049771709837,1.6861313868613137,-1.53202640969033,312,0.4804804804804805,1.1541049771709837
002456,0.09446535297638126,0.671563483735572,-0.5770981307591907,349,0.5295295295295295,1.0944653529763813
002457,1.0510133411218003,0.25282485875706207,0.7981884823647383,328,0.47347347347347346,2.0510133411218003
002458,1.373364844393416,1.7029702970297032,-0.32960545263628704,322,0.4894894894894895,2.373364844393416
002459,0.5098050317036644,0.7441860465116279,-0.23438101480796347,345,0.5265265265265265,1.5098050317036644
002460,2.7860465685309994,9.534883720930232,-6.748837152399233,344,0.5035035035035035,3.7860465685309994
002461,0.5021001092437594,0.11138014527845042,0.39071996396530895,337,0.5345345345345346,1.5021001092437594
002462,1.2379645206921137,0.4789719626168223,0.7589925580752914,344,0.5045045045045045,2.2379645206921137
002463,0.566214122615859,0.48319327731092443,0.08302084530493459,317,0.5415415415415415,1.566214122615859
002465,0.46642209244593835,0.27429467084639514,0.1921274215995432,325,0.4904904904904905,1.4664220924459384
002466,2.770595501046996,5.630797773654917,-2.8602022726079213,333,0.5385385385385385,3.770595501046996
002467,0.13819426384533218,0.10393258426966301,0.03426167957566917,327,0.5255255255255256,1.1381942638453322
002468,0.06277987900207038,1.584938704028021,-1.5221588250259506,345,0.4574574574574575,1.0627798790020704
002469,2.90211585957317,-0.32352941176470595,3.2256452713378763,338,0.4744744744744745,3.90211585957317
002470,0.2454559317459697,0.33461538461538454,-0.08915945286941485,323,0.4984984984984985,1.2454559317459697
002471,0.09525339866967575,-0.24128686327077742,0.33654026194045317,325,0.5105105105105106,1.0952533986696757
002472,0.35596253811794365,1.4420731707317076,-1.086110632613764,326,0.44544544544544545,1.3559625381179436
002474,1.6042915152497907,0.7023172905525847,0.901974224697206,322,0.4934934934934935,2.6042915152497907
002475,0.8700892212174969,2.201780415430267,-1.33169119421277,348,0.5225225225225225,1.8700892212174969
002478,0.6399906724485278,0.08797653958944274,0.5520141328590851,350,0.4894894894894895,1.6399906724485278
002479,-0.4091146716187154,0.03785488958990535,-0.44696956120862075,355,0.4974974974974975,0.5908853283812846
002480,-0.5872753887955611,-0.16152897657213316,-0.4257464122234279,338,0.5095095095095095,0.4127246112044389
002481,-0.45757484427828254,-0.28688524590163933,-0.17068959837664321,356,0.4574574574574575,0.5424251557217175
002482,0.31182261154790014,0.045515394912985174,0.26630721663491497,346,0.5125125125125125,1.3118226115479001
002483,-0.02893931258566862,-0.279245283018868,0.25030597043319935,335,0.4644644644644645,0.9710606874143314
002484,-0.22002934853303957,0.3881932021466905,-0.6082225506797301,344,0.5725725725725725,0.7799706514669604
002485,0.01061340918043463,0.7916666666666667,-0.7810532574862321,335,0.4924924924924925,1.0106134091804346
002486,-0.24075972800660428,0.0026881720430107503,-0.24344790004961503,344,0.48848848848848847,0.7592402719933957
002487,0.30016003590403106,0.20052083333333348,0.09963920257069758,312,0.5065065065065065,1.300160035904031
002488,2.65580716230325,2.761904761904762,-0.10609759960151166,337,0.5005005005005005,3.65580716230325
002489,-0.06590420254379037,1.1153846153846154,-1.1812888179284058,344,0.5505505505505506,0.9340957974562096
002490,-0.008325800992931232,-0.5988857938718662,0.590559992878935,344,0.4994994994994995,0.9916741990070688
002491,0.10152655393346377,1.3133159268929502,-1.2117893729594864,341,0.5145145145145145,1.1015265539334638
002492,0.06879346023592459,0.2298624754420433,-0.16106901520611872,352,0.5135135135135135,1.0687934602359246
002493,1.82340947953479,4.238938053097345,-2.4155285735625553,334,0.4794794794794795,2.82340947953479
002494,0.3816017476402771,0.13110181311018132,0.2504999345300958,329,0.5005005005005005,1.381601747640277
002495,0.609744042710473,0.7197802197802197,-0.11003617706974667,330,0.5235235235235235,1.609744042710473
002496,-0.05913396146668359,0.7448979591836735,-0.8040319206503571,343,0.5335335335335335,0.9408660385333164
002497,1.0474868960147203,1.9976133651551309,-0.9501264691404105,343,0.4994994994994995,2.0474868960147203
002498,1.5813654701392332,0.28301886792452824,1.298346602214705,348,0.4974974974974975,2.5813654701392332
002500,0.5842533380167156,0.21518987341772133,0.3690634645989943,334,0.5405405405405406,1.5842533380167156
002501,-0.20818745782914228,0.3476331360946745,-0.5558205939238168,332,0.5245245245245245,0.7918125421708577
002506,1.4272565170043796,3.046666666666667,-1.6194101496622872,330,0.47347347347347346,2.4272565170043796
002507,1.1561029883435934,2.093360995850622,-0.9372580075070287,326,0.5075075075075075,2.1561029883435934
002508,1.6141623993157417,3.4639423076923075,-1.8497799083765658,343,0.5175175175175175,2.6141623993157417
002510,-0.32950010204002966,0.9356060606060606,-1.2651061626460902,348,0.5085085085085085,0.6704998979599703
002511,0.6746511997237115,1.903914590747331,-1.2292633910236195,370,0.5105105105105106,1.6746511997237115
002512,-0.6451051968903903,0.07740585774058584,-0.7225110546309761,329,0.4754754754754755,0.35489480310960975
002513,-0.546356392322985,-0.3101449275362319,-0.23621146478675314,337,0.4874874874874875,0.453643607677015
002514,-0.24670989824913525,0.1254980079681276,-0.37220790621726285,347,0.4994994994994995,0.7532901017508647
002515,0.8306233336311073,0.5670498084291189,0.2635735252019884,308,0.4914914914914915,1.8306233336311073
002516,-0.3300832262934179,1.5337423312883436,-1.8638255575817615,314,0.5045045045045045,0.6699167737065821
002517,5.050009543884922,0.9271255060728743,4.122884037812048,329,0.5135135135135135,6.050009543884922
002518,-0.07434860552691236,1.5042158516020239,-1.5785644571289361,329,0.4744744744744745,0.9256513944730876
002520,-0.7212680039021212,-0.0998719590268885,-0.6213960448752327,323,0.5035035035035035,0.2787319960978788
002521,-0.3106846015956838,0.24025974025974017,-0.550944341855424,315,0.4994994994994995,0.6893153984043162
002522,0.1517044775388965,2.4724137931034487,-2.320709315564552,368,0.5025025025025025,1.1517044775388965
002523,0.41384508214203586,1.1418439716312059,-0.72799888948917,315,0.5165165165165165,1.4138450821420359
002524,0.2935242584641169,-0.2552166934189407,0.5487409518830576,329,0.5325325325325325,1.293524258464117
002526,-0.4308449712760726,0.12834224598930466,-0.5591872172653772,323,0.5505505505505506,0.5691550287239274
002528,0.5890723082377025,-0.3790446841294298,0.9681169923671323,333,0.5275275275275275,1.5890723082377025
002529,-0.4301989317629529,0.0793650793650793,-0.5095640111280322,340,0.5265265265265265,0.5698010682370471
002530,0.9103171756937911,1.4116022099447516,-0.5012850342509605,354,0.5025025025025025,1.9103171756937911
002531,0.49468836833375307,1.84297520661157,-1.348286838277817,319,0.4854854854854855,1.494688368333753
002532,-0.26421182280826516,-0.33452593917710194,0.07031411636883678,343,0.4894894894894895,0.7357881771917348
002533,-0.145371645966063,0.50936329588015,-0.654734941846213,293,0.5045045045045045,0.854628354033937
002534,0.38591881347663226,0.5413533834586464,-0.1554345699820141,343,0.4444444444444444,1.3859188134766323
002535,0.07973956915505909,-0.2986767485822306,0.3784163177372897,342,0.4934934934934935,1.079739569155059
002536,0.500632050056024,0.8556962025316455,-0.3550641524756215,332,0.5255255255255256,1.500632050056024
002537,0.3882566484750476,1.9242424242424243,-1.5359857757673767,335,0.4574574574574575,1.3882566484750476
002538,1.8424861131803265,0.6657681940700808,1.1767179191102457,341,0.5055055055055055,2.8424861131803265
002539,0.8347072014383479,0.6022304832713754,0.23247671816697246,333,0.4914914914914915,1.8347072014383479
002540,-0.22478753143457242,0.8467432950191573,-1.0715308264537298,330,0.4964964964964965,0.7752124685654276
002541,0.1566911331457148,0.10734463276836159,0.04934650037735322,345,0.4694694694694695,1.1566911331457148
002543,0.006316207343957769,1.1275626423690208,-1.121246435025063,332,0.4754754754754755,1.0063162073439578
002544,0.48201578224889596,0.686648501362398,-0.204632719113502,332,0.4934934934934935,1.482015782248896
002545,-0.24369934291272755,0.33957845433255285,-0.5832777972452804,357,0.5035035035035035,0.7563006570872725
002546,-0.337699381911315,0.23076923076923062,-0.5684686126805456,331,0.4644644644644645,0.662300618088685
002547,-0.026148448964959936,0.1031518624641834,-0.12930031142914333,330,0.4844844844844845,0.9738515510350401
002548,-0.4030668199891084,0.5,-0.9030668199891084,333,0.5275275275275275,0.5969331800108916
002549,-0.2799296284012507,-0.20952380952380945,-0.07040581887744124,308,0.4854854854854855,0.7200703715987493
002550,0.31226621707521796,0.19942196531791923,0.11284425175729873,322,0.4984984984984985,1.312266217075218
002551,-0.19542019056887383,-0.5553822152886115,0.3599620247197377,321,0.4914914914914915,0.8045798094311262
002552,-0.004266338221817323,0.04496402877697836,-0.04923036699879568,332,0.5375375375375375,0.9957336617781827
002553,-0.1739588292645866,-0.012280701754386003,-0.1616781275102006,335,0.5395395395395396,0.8260411707354134
002554,-0.5270631095639671,-0.3262642740619902,-0.20079883550197686,329,0.5215215215215215,0.47293689043603293
002555,0.7726182533780921,0.9283819628647214,-0.15576370948662932,346,0.5225225225225225,1.772618253378092
002556,0.10595391009467425,0.026871401151631336,0.07908250894304292,343,0.4894894894894895,1.1059539100946743
002557,-0.03188226747239031,0.1075174825174825,-0.1393997499898728,345,0.4794794794794795,0.9681177325276097
002558,0.3315126216446711,1.5141509433962264,-1.1826383217515553,309,0.5035035035035035,1.331512621644671
002559,-0.4608755068022774,0.057613168724279795,-0.5184886755265572,340,0.4864864864864865,0.5391244931977226
002560,0.9981159521931211,-0.30626450116009274,1.3043804533532137,350,0.47047047047047047,1.998115952193121
002561,0.24533060236399296,0.233986928104575,0.011343674259417957,331,0.5265265265265265,1.245330602363993
002562,-0.015039948491179844,1.7203947368421053,-1.7354346853332852,333,0.5245245245245245,0.9849600515088202
002563,0.3232845174812826,0.7202072538860103,-0.39692273640472764,348,0.5195195195195195,1.3232845174812826
002564,-0.0936489733453465,-0.032710280373831724,-0.060938692971514774,320,0.4874874874874875,0.9063510266546535
002565,0.15856274279892357,-0.41185897435897434,0.5704217171578979,342,0.4804804804804805,1.1585627427989236
002566,-0.46450918953046993,-0.48415716096324457,0.019647971432774636,321,0.5135135135135135,0.5354908104695301
002567,-0.6415456612639074,-0.0957446808510638,-0.5458009804128436,342,0.4904904904904905,0.3584543387360926
002568,-0.06169879303313264,1.0449101796407185,-1.1066089726738513,315,0.5095095095095095,0.9383012069668674
002569,0.44513468815230417,-0.04062499999999991,0.4857596881523041,329,0.4744744744744745,1.4451346881523042
002570,-0.7973046755942488,-0.7232772653282691,-0.0740274102659797,321,0.4754754754754755,0.20269532440575116
002571,-0.3244108585322968,-0.5065543071161049,0.18214344858380815,343,0.4914914914914915,0.6755891414677032
002572,1.130758548014256,2.4707520891364907,-1.3399935411222348,348,0.5145145145145145,2.130758548014256
002574,0.2410680886621117,-0.42380952380952386,0.6648776124716356,327,0.5185185185185185,1.2410680886621117
002575,0.819505353550849,0.4967462039045554,0.3227591496462936,341,0.4944944944944945,1.819505353550849
002576,1.9690211664717747,0.3504867872044506,1.6185343792673241,309,0.4724724724724725,2.9690211664717747
002577,0.21896489820831988,-0.1838671411625148,0.40283203937083467,329,0.4744744744744745,1.2189648982083199
002578,0.5792703357691193,0.5022222222222221,0.07704811354689722,325,0.4864864864864865,1.5792703357691193
002580,0.07016892706827704,0.18103448275862077,-0.11086555569034373,331,0.5025025025025025,1.070168927068277
002581,-0.3302012629313438,0.46317280453257803,-0.7933740674639218,320,0.5295295295295295,0.6697987370686562
002582,0.34301546115611226,-0.11292517006802727,0.4559406312241395,317,0.47347347347347346,1.3430154611561123
002583,1.4182475172732647,1.7146226415094339,-0.2963751242361692,338,0.5175175175175175,2.4182475172732647
002584,-0.6349577728338931,0.42018779342723,-1.055145566261123,333,0.4824824824824825,0.36504222716610685
002585,0.6017745241159056,-0.13256955810147308,0.7343440822173787,309,0.4644644644644645,1.6017745241159056
002586,0.06698405977679256,-0.21680672268907564,0.2837907824658682,328,0.5135135135135135,1.0669840597767926
002587,0.01416177463267232,0.7341389728096677,-0.7199771981769953,316,0.4824824824824825,1.0141617746326723
002588,1.0006805186272554,0.0827702702702704,0.917910248356985,351,0.5205205205205206,2.0006805186272554
002589,0.45489045436822173,1.5466666666666664,-1.0917762122984447,344,0.5265265265265265,1.4548904543682217
002590,0.2352096105370165,1.868073878627968,-1.6328642680909515,319,0.5055055055055055,1.2352096105370165
002591,0.017914179131637065,-0.034700315457413256,0.05261449458905032,330,0.48148148148148145,1.017914179131637
002592,-0.16458101560898342,0.10418604651162777,-0.2687670621206112,356,0.5175175175175175,0.8354189843910166
002593,0.5738004172809257,0.5319148936170213,0.04188552366390441,342,0.4924924924924925,1.5738004172809257
002594,0.19383038419756926,0.6614107883817426,-0.46758040418417335,349,0.5035035035035035,1.1938303841975693
002595,0.6632130322871248,0.9106830122591945,-0.24746997997206965,338,0.5105105105105106,1.6632130322871248
002596,-0.06670673376649083,1.166666666666667,-1.2333734004331578,335,0.45845845845845845,0.9332932662335092
002597,6.450007593889,3.9257425742574252,2.5242650196315743,341,0.4624624624624625,7.450007593889
002598,0.3093874727583472,0.3120689655172415,-0.0026814927588942883,340,0.4994994994994995,1.3093874727583472
002599,0.14744129719375154,0.7787610619469028,-0.6313197647531512,362,0.5065065065065065,1.1474412971937515
002600,0.588903386456153,0.9605911330049264,-0.37168774654877335,347,0.46346346346346345,1.588903386456153
002601,0.18281956645533137,1.662337662337662,-1.4795180958823306,329,0.5215215215215215,1.1828195664553314
002603,-0.14362447350137453,-0.16666666666666663,0.023042193165292102,350,0.4774774774774775,0.8563755264986255
002605,0.41514575305178747,-0.2718786464410735,0.687024399492861,307,0.47647647647647645,1.4151457530517875
002606,2.388939042891052,0.11724137931034484,2.2716976635807073,325,0.5195195195195195,3.388939042891052
002607,-0.22931048153389855,1.7721518987341773,-2.0014623802680758,322,0.4964964964964965,0.7706895184661015
002608,1.0701024761870421,-0.13615560640732272,1.2062580825943647,328,0.5125125125125125,2.070102476187042
002609,-0.48602410188721146,2.1592039800995027,-2.645228081986714,337,0.5075075075075075,0.5139758981127885
002611,0.5992250059515722,1.183673469387755,-0.5844484634361828,345,0.5135135135135135,1.5992250059515722
002612,-0.17786829114202696,-0.2812210915818687,0.10335280043984174,321,0.5245245245245245,0.822131708857973
002613,-0.5899062591582833,0.2966101694915255,-0.8865164286498088,322,0.4774774774774775,0.4100937408417166
002614,0.5137304745433915,1.029171528588098,-0.5154410540447065,343,0.4944944944944945,1.5137304745433915
002615,-0.39423179007367604,0.49627791563275436,-0.8905097057064304,335,0.4934934934934935,0.605768209926324
002616,0.12600674466843476,0.6683673469387756,-0.5423606022703409,336,0.4904904904904905,1.1260067446684348
002617,0.02549723251941427,1.1825726141078836,-1.1570753815884693,321,0.5025025025025025,1.0254972325194143
002620,0.6892384073036713,0.21020092735703244,0.4790374799466388,346,0.4934934934934935,1.6892384073036713
002622,1.2988180805333691,0.5564516129032258,0.7423664676301434,336,0.4944944944944945,2.298818080533369
002623,-0.2192849963130764,-0.05429071803852892,-0.1649942782745475,338,0.47647647647647645,0.7807150036869236
002624,1.6950983588354576,2.8897435897435897,-1.1946452309081321,332,0.5325325325325325,2.6950983588354576
002625,3.2421067453747376,2.7294117647058824,0.5126949806688552,371,0.5295295295295295,4.242106745374738
002626,3.120536308504997,2.8359375000000004,0.28459880850499664,310,0.48848848848848847,4.120536308504997
002627,0.9102381015569732,0.6923076923076923,0.21793040924928087,336,0.4954954954954955,1.9102381015569732
002628,-0.49085860098541634,0.3106212424849699,-0.8014798434703863,307,0.4984984984984985,0.5091413990145837
002629,-0.888563554535906,-0.562862669245648,-0.325700885290258,328,0.47847847847847846,0.111436445464094
002630,0.14464418377399624,-0.2770270270270271,0.4216712108010233,342,0.5205205205205206,1.1446441837739962
002631,-0.4328564288942941,0.7302798982188294,-1.1631363271131234,320,0.5215215215215215,0.5671435711057059
002632,0.6116017685417356,1.471774193548387,-0.8601724250066514,340,0.5015015015015015,1.6116017685417356
002633,0.5361580457907122,0.35019455252918297,0.18596349326152928,341,0.4744744744744745,1.5361580457907122
002634,2.9739512591162454,0.6880733944954127,2.285877864620833,325,0.4964964964964965,3.9739512591162454
002635,0.39256708751765945,0.3902877697841729,0.002279317733486552,338,0.47647647647647645,1.3925670875176595
002636,2.097315737353338,1.4711246200607904,0.6261911172925476,317,0.46346346346346345,3.097315737353338
002637,-0.0971804329461502,0.16312056737588643,-0.2603010003220366,330,0.4854854854854855,0.9028195670538498
002638,-0.48783198858100574,-0.4156118143459916,-0.07222017423501415,333,0.5375375375375375,0.5121680114189943
002639,-0.22715744675693772,0.37708830548926,-0.6042457522461977,341,0.5105105105105106,0.7728425532430623
002640,1.6115305649250056,3.019607843137255,-1.4080772782122493,345,0.5265265265265265,2.6115305649250056
002641,-0.26391997370428866,0.17571884984025576,-0.4396388235445444,335,0.4904904904904905,0.7360800262957113
002642,-0.1702211403426125,-0.3322091062394603,0.16198796589684783,304,0.4914914914914915,0.8297788596573875
002643,0.1303882786385484,0.4793028322440087,-0.3489145536054603,328,0.4794794794794795,1.1303882786385484
002644,-0.18867121968432277,0.6682769726247986,-0.8569481923091213,344,0.4864864864864865,0.8113287803156772
002645,0.5151468924193678,0.6699751861042185,-0.15482829368485063,338,0.4964964964964965,1.5151468924193678
002646,-0.3720123444350739,-0.3172072567344696,-0.05480508770060433,346,0.48848848848848847,0.6279876555649261
002647,0.2434051599271121,9.606425702811244,-9.363020542884131,349,0.4744744744744745,1.243405159927112
002648,0.7323359643281848,0.22295805739514352,0.5093779069330413,310,0.5095095095095095,1.7323359643281848
002649,-0.33246352742459817,0.2505773672055427,-0.5830408946301409,331,0.4914914914914915,0.6675364725754018
002650,0.373105838230414,0.03977272727272729,0.3333331109576867,328,0.4994994994994995,1.373105838230414
002651,1.0958382140632796,0.24999999999999978,0.8458382140632799,367,0.5185185185185185,2.0958382140632796
002652,0.39145912566373675,0.5602409638554218,-0.16878183819168502,342,0.4844844844844845,1.3914591256637368
002653,-0.0789994018502378,-0.5033149171270719,0.4243155152768341,345,0.5365365365365365,0.9210005981497622
002654,-0.15325894464283796,0.19889502762430933,-0.3521539722671473,344,0.5125125125125125,0.846741055357162
002655,-0.14285512413595058,-0.10027100271002709,-0.042584121425923493,354,0.5065065065065065,0.8571448758640494
002656,-0.41302105857295757,0.289568345323741,-0.7025894038966985,313,0.4824824824824825,0.5869789414270424
002657,2.144391416925127,1.1595289079229123,0.9848625090022147,327,0.5115115115115115,3.144391416925127
002658,-0.5712570031674338,0.010191082802547768,-0.5814480859699815,360,0.4844844844844845,0.4287429968325663
002659,-0.3345250762832005,0.6161616161616161,-0.9506866924448166,333,0.5035035035035035,0.6654749237167995
002660,0.16654301641037317,-0.21059782608695665,0.3771408424973298,317,0.5315315315315315,1.1665430164103732
002661,-0.010699156741832083,0.23517587939698492,-0.245875036138817,297,0.4854854854854855,0.9893008432581679
002662,-0.24305739275640825,0.1568627450980391,-0.39992013785444736,363,0.4904904904904905,0.7569426072435917
002663,-0.5904544906430788,-0.5954545454545455,0.005000054811466703,316,0.5045045045045045,0.40954550935692124
002664,-0.2863150024334833,-0.051424050632911444,-0.23489095180057185,341,0.5025025025025025,0.7136849975665167
002666,-0.4693344040686449,0.2931442080378248,-0.7624786121064697,328,0.4964964964964965,0.5306655959313551
002667,0.028357436054552654,-0.12994350282485878,0.15830093887941143,329,0.5325325325325325,1.0283574360545527
002668,0.3601519494308747,0.13808463251670378,0.22206731691417092,339,0.4914914914914915,1.3601519494308747
002669,1.9335643798167763,0.5884773662551441,1.3450870135616322,341,0.4954954954954955,2.9335643798167763
002670,1.2395151331645553,0.7915194346289753,0.44799569853557997,319,0.5475475475475475,2.2395151331645553
002671,-0.30458198656132396,-0.5389755011135858,0.23439351455226187,332,0.4994994994994995,0.695418013438676
002672,1.4948118217086934,0.7105882352941175,0.7842235864145759,354,0.5045045045045045,2.4948118217086934
002673,0.31039667867731335,0.7940594059405943,-0.48366272726328097,346,0.5005005005005005,1.3103966786773134
002674,0.4577936917560448,-0.20523560209424097,0.6630292938502858,325,0.48348348348348347,1.4577936917560448
002675,0.7841245276823219,1.3958333333333335,-0.6117088056510116,303,0.4804804804804805,1.7841245276823219
002676,0.6175898597748997,0.12318840579710155,0.4944014539777981,336,0.4864864864864865,1.6175898597748997
002677,-0.059186962148926714,4.405693950177936,-4.464880912326862,315,0.4874874874874875,0.9408130378510733
002678,-0.4652192063853203,0.5557729941291585,-1.020992200514479,342,0.5185185185185185,0.5347807936146797
002679,0.4702267778248439,0.3976023976023977,0.07262438022244622,318,0.5185185185185185,1.470226777824844
002681,-0.41572391777803364,-0.08641975308641969,-0.32930416469161394,320,0.5355355355355356,0.5842760822219664
002682,0.7335805464050882,0.4455445544554455,0.2880359919496427,303,0.5305305305305306,1.7335805464050882
002683,0.2373214199292173,-0.15935114503816794,0.39667256496738523,326,0.5305305305305306,1.2373214199292173
002685,0.410595488167244,0.7745098039215685,-0.36391431575432454,339,0.5605605605605606,1.410595488167244
002686,-0.3393626302689057,0.24954792043399632,-0.588910550702902,329,0.5225225225225225,0.6606373697310943
002687,-0.37536922119042837,0.23021582733812962,-0.605585048528558,356,0.5035035035035035,0.6246307788095716
002688,0.30803304605713744,0.11062906724511934,0.1974039788120181,316,0.5415415415415415,1.3080330460571374
002689,2.239196621766442,0.49626865671641784,1.7429279650500242,320,0.5035035035035035,3.239196621766442
002690,0.07325888146297976,0.139240506329114,-0.06598162486613424,333,0.5345345345345346,1.0732588814629798
002691,0.5588908552722942,0.2368866328257191,0.3220042224465751,314,0.4844844844844845,1.5588908552722942
002692,-0.4619983212648644,-0.055837563451776595,-0.4061607578130878,321,0.5205205205205206,0.5380016787351356
002693,0.8117701435073954,-0.08708272859216248,0.8988528720995579,334,0.46046046046046046,1.8117701435073954
002694,0.6315786537897072,0.18387909319899243,0.4476995605907148,318,0.5155155155155156,1.6315786537897072
002695,-0.05016624671037395,1.1909774436090226,-1.2411436903193964,350,0.4904904904904905,0.949833753289626
002696,0.3887633494030911,0.5442834138486312,-0.15552006444554012,319,0.4984984984984985,1.388763349403091
002697,0.008816912041138991,0.8373983739837396,-0.8285814619426006,349,0.5085085085085085,1.008816912041139
002698,-0.42852129131621697,-0.30492813141683783,-0.12359315989937913,353,0.5005005005005005,0.571478708683783
002700,0.9807928363403839,0.03463687150838002,0.9461559648320039,340,0.4904904904904905,1.980792836340384
002701,0.9340893287453922,0.27486910994764413,0.6592202187977481,353,0.5185185185185185,1.9340893287453922
002702,0.5053263025877519,0.21293800539083563,0.2923882971969163,349,0.5035035035035035,1.505326302587752
002703,-0.32899771105079645,-0.4491094147582697,0.12011170370747326,346,0.4874874874874875,0.6710022889492036
300001,-0.29565137243919126,1.399217221135029,-1.6948685935742205,338,0.4904904904904905,0.7043486275608087
300002,0.03683994492830367,-0.3916230366492147,0.4284629815775184,353,0.5055055055055055,1.0368399449283037
300003,0.7944652078930097,3.493279569892473,-2.6988143619994633,333,0.47647647647647645,1.7944652078930097
300004,-0.6620823844607661,-0.785,0.12291761553923397,334,0.5255255255255256,0.33791761553923394
300005,0.17220090087497275,-0.4388489208633094,0.6110498217382822,314,0.4844844844844845,1.1722009008749728
300006,0.6985190808285169,-0.3193384223918576,1.0178575032203745,328,0.5025025025025025,1.6985190808285169
300007,-0.2794797865487859,0.44266666666666676,-0.7221464532154527,337,0.5045045045045045,0.7205202134512141
300008,-0.03237825489348545,-0.13936430317848403,0.10698604828499858,336,0.5025025025025025,0.9676217451065146
300009,-0.2960166414709392,2.633744855967078,-2.9297614974380175,333,0.5285285285285285,0.7039833585290608
300011,1.281475745608041,-0.279394644935972,1.560870390544013,347,0.5045045045045045,2.281475745608041
300013,0.005155850250813998,0.43223443223443225,-0.42707858198361826,339,0.46146146146146144,1.005155850250814
300014,0.06763395256955196,0.9076212471131639,-0.839987294543612,336,0.4594594594594595,1.067633952569552
300015,0.6925980912695242,3.1103896103896105,-2.4177915191200863,326,0.4964964964964965,1.6925980912695242
300016,0.27333688287189584,0.5220588235294115,-0.24872194065751563,353,0.4904904904904905,1.2733368828718958
300017,-0.2840870524107396,1.2388797364085664,-1.5229667888193061,326,0.5265265265265265,0.7159129475892604
300018,1.1555890384935976,0.6552706552706553,0.5003183832229423,315,0.4754754754754755,2.1555890384935976
300019,0.08871655066901107,0.3481624758220503,-0.2594459251530392,330,0.46146146146146144,1.088716550669011
300020,-0.4952667986785021,-0.2053097345132744,-0.2899570641652277,359,0.5025025025025025,0.5047332013214979
300021,0.08477017533299014,0.44088669950738923,-0.3561165241743991,316,0.4964964964964965,1.0847701753329901
300022,-0.31460056673672887,-0.4783216783216784,0.1637211115849495,320,0.45845845845845845,0.6853994332632711
300024,0.3182367489003697,0.8646766169154225,-0.5464398680150528,348,0.5065065065065065,1.3182367489003697
300025,-0.6900690057422756,-0.07142857142857151,-0.6186404343137041,348,0.4844844844844845,0.30993099425772436
300026,0.5793468645282969,-0.22932330827067682,0.8086701727989737,312,0.5065065065065065,1.5793468645282969
300027,0.17127356342580669,-0.6078147612156295,0.7790883246414362,352,0.4944944944944945,1.1712735634258067
300029,-0.7980222025540836,-0.38300349243306175,-0.41501871012102187,329,0.4974974974974975,0.20197779744591635
300030,-0.2588951068650909,-0.3112582781456954,0.052363171280604526,349,0.4924924924924925,0.7411048931349091
300031,0.8421793347624882,1.2796296296296297,-0.4374502948671415,317,0.5065065065065065,1.8421793347624882
300033,-0.5760551205669677,8.474530831099196,-9.050585951666164,323,0.5325325325325325,0.4239448794330322
300034,0.15393915982021134,0.029159519725557415,0.12477964009465392,304,0.5225225225225225,1.1539391598202113
300035,0.13657384018306362,0.2449494949494948,-0.10837565476643118,339,0.5195195195195195,1.1365738401830636
300036,1.4959288462494778,3.0927152317880795,-1.5967863855386017,343,0.47647647647647645,2.4959288462494778
300037,-0.01791141422663478,1.5817409766454351,-1.59965239087207,329,0.45545545545545546,0.9820885857733652
300039,0.08269938039280023,-0.12559618441971387,0.2082955648125141,353,0.5105105105105106,1.0826993803928002
300040,-0.32773495968959176,-0.15751789976133668,-0.1702170599282551,348,0.45645645645645644,0.6722650403104082
300041,0.5605086408992048,0.38069216757741353,0.1798164733217913,355,0.5225225225225225,1.5605086408992048
300042,0.7434540513783019,0.8501228501228502,-0.10666879874454827,354,0.5105105105105106,1.743454051378302
300043,0.46761684869605746,-0.1295336787564767,0.5971505274525342,335,0.4924924924924925,1.4676168486960575
300045,0.23487121282230872,0.0015974440894568342,0.23327376873285188,339,0.5205205205205206,1.2348712128223087
300046,0.15153470997678853,0.9622166246851385,-0.8106819147083499,327,0.48848848848848847,1.1515347099767885
300048,-0.21713067534342,0.0035087719298245723,-0.22063944727324458,340,0.5125125125125125,0.78286932465658
300050,1.3570029979827054,-0.10227272727272729,1.4592757252554327,328,0.4894894894894895,2.3570029979827054
300051,0.11186418147600685,-0.34792368125701467,0.4597878627330215,359,0.4794794794794795,1.1118641814760069
300052,0.19278607372672818,-0.6205392545598731,0.8133253282866013,318,0.4904904904904905,1.1927860737267282
300053,0.8360409236991893,1.5585585585585582,-0.7225176348593689,333,0.4854854854854855,1.8360409236991893
300054,0.6317319804802852,0.06482758620689655,0.5669043942733887,333,0.4694694694694695,1.6317319804802852
300055,0.9960605265605376,0.23076923076923084,0.7652912957913067,326,0.44344344344344344,1.9960605265605376
300057,-0.6050492100503744,-0.49787234042553197,-0.10717686962484241,351,0.4864864864864865,0.3949507899496257
300058,-0.3236685551441416,-0.5327210103329507,0.2090524551888091,349,0.4904904904904905,0.6763314448558584
300059,1.8391192878484524,5.417582417582417,-3.5784631297339646,333,0.4854854854854855,2.8391192878484524
300061,0.10280316128304445,0.5714285714285716,-0.46862541014552717,334,0.4844844844844845,1.1028031612830445
300063,-0.38085010976854305,0.7413793103448276,-1.1222294201133707,328,0.47047047047047047,0.619149890231457
300065,3.0816340861066873,1.1698113207547172,1.9118227653519702,334,0.4804804804804805,4.081634086106687
300066,1.6556680284371996,0.529182879377432,1.1264851490597676,329,0.4724724724724725,2.6556680284371996
300067,1.4029241705812132,1.504950495049505,-0.10202632446829174,321,0.4944944944944945,2.402924170581213
300068,0.6195108683009323,0.6177606177606179,0.001750250540314413,322,0.5495495495495496,1.6195108683009323
300069,-0.21438258414953093,0.07181328545780952,-0.28619586960734045,329,0.5055055055055055,0.7856174158504691
300070,1.3244654448934852,0.28348909657320887,1.0409763483202763,357,0.4994994994994995,2.324465444893485
300072,1.2812390663009992,4.519362186788156,-3.2381231204871566,344,0.5165165165165165,2.281239066300999
300073,0.72372116730906,4.4366729678638945,-3.7129518005548343,341,0.4904904904904905,1.72372116730906
300074,0.6164946893286729,-0.24894957983193267,0.8654442691606056,321,0.4894894894894895,1.616494689328673
300075,0.06664814599754187,-0.01717557251908397,0.08382371851662584,340,0.5025025025025025,1.0666481459975419
300076,-0.30614839614413636,-0.1346153846153847,-0.17153301152875167,330,0.5235235235235235,0.6938516038558636
300077,-0.5521275574362736,-0.2956862745098039,-0.2564412829264697,319,0.5125125125125125,0.4478724425637263
300078,-0.19136482454143144,0.9295774647887325,-1.120942289330164,356,0.5125125125125125,0.8086351754585686
300079,-0.4513766552317725,-0.24361493123772093,-0.20776172399405157,334,0.5175175175175175,0.5486233447682275
300080,-0.20014962742410802,-0.065359477124183,-0.13479015029992503,298,0.5145145145145145,0.799850372575892
300081,-0.3273303914472552,0.8411016949152543,-1.1684320863625095,325,0.5175175175175175,0.6726696085527448
300082,0.12749014140666382,0.11226611226611238,0.015224029140551432,320,0.5825825825825826,1.1274901414066638
300083,-0.2660106979998377,0.022222222222222143,-0.2882329202220598,321,0.4824824824824825,0.7339893020001623
300084,0.02805986014051376,-0.2548148148148148,0.2828746749553286,353,0.4754754754754755,1.0280598601405138
300085,4.577146495602087,0.6745027124773959,3.9026437831246916,335,0.44844844844844844,5.577146495602087
300086,0.31446412166217197,0.21416526138279934,0.10029886027937263,344,0.5125125125125125,1.314464121662172
300088,1.6189387836051257,0.9766081871345029,0.6423305964706227,340,0.5015015015015015,2.6189387836051257
300091,-0.46704676672387835,1.2523659305993688,-1.7194126973232473,314,0.5035035035035035,0.5329532332761217
300092,0.45461514964459493,0.8419689119170986,-0.3873537622725036,322,0.46146146146146144,1.454615149644595
300093,-0.47034567633037505,-0.11208151382823883,-0.3582641625021362,299,0.46546546546546547,0.529654323669625
300094,-0.5412527337745083,0.7651715039577838,-1.306424237732292,334,0.5105105105105106,0.4587472662254916
300095,-0.25775364808979295,0.5393518518518519,-0.7971054999416448,335,0.5035035035035035,0.742246351910207
300096,-0.1487816378177922,-0.31640625,0.1676246121822078,319,0.4994994994994995,0.8512183621822078
300097,0.061358174203236526,0.9455128205128207,-0.8841546463095842,319,0.5215215215215215,1.0613581742032365
300098,2.328156313628771,1.638059701492537,0.6900966121362337,307,0.5165165165165165,3.328156313628771
300099,-0.1786117074129162,0.033096926713947816,-0.21170863412686403,315,0.46846846846846846,0.8213882925870838
300100,0.588564863671627,0.5649350649350651,0.023629798736561902,322,0.5255255255255256,1.588564863671627
300101,-0.2915765364584154,0.6415279138099903,-0.9331044502684057,344,0.4694694694694695,0.7084234635415846
300102,-0.5887513187933525,0.29328621908127217,-0.8820375378746247,337,0.4844844844844845,0.4112486812066475
300103,-0.14169509001934066,0.1327751196172251,-0.27447020963656577,342,0.4724724724724725,0.8583049099806593
300105,-0.45788551794647314,-0.5661914460285133,0.1083059280820402,305,0.4874874874874875,0.5421144820535269
300107,1.624655393640463,1.0819209039548023,0.5427344896856607,324,0.4974974974974975,2.624655393640463
300109,0.7417976506855777,0.9705159705159703,-0.2287183198303926,319,0.5155155155155156,1.7417976506855777
300110,-0.4669974290582405,-0.042424242424242364,-0.4245731866339981,348,0.4844844844844845,0.5330025709417595
300111,-0.722064891402892,-0.3891891891891893,-0.33287570221370266,346,0.5035035035035035,0.27793510859710807
300112,-0.4971945500525532,-0.3057395143487859,-0.19145503570376732,307,0.5165165165165165,0.5028054499474468
300113,0.46883186903136265,0.6544554455445546,-0.18562357651319195,343,0.4964964964964965,1.4688318690313626
300115,0.16186383858939113,0.8513089005235601,-0.689445061934169,345,0.4924924924924925,1.1618638385893911
300118,2.039772855541325,0.8333333333333333,1.2064395222079918,312,0.5415415415415415,3.039772855541325
300119,1.2351163764667406,-0.12007332722273145,1.355189703689472,325,0.5095095095095095,2.2351163764667406
300120,-0.29423925600661227,0.34607645875251514,-0.6403157147591274,357,0.5065065065065065,0.7057607439933877
300121,-0.28558063821197843,1.4,-1.6855806382119782,337,0.5135135135135135,0.7144193617880216
300122,1.2204128283629432,2.880636604774536,-1.660223776411593,333,0.4904904904904905,2.220412828362943
300123,-0.3267436701273436,0.16135881104033967,-0.4881024811676833,374,0.4744744744744745,0.6732563298726564
300124,1.7272876151491285,1.0823798627002286,0.6449077524489,318,0.5035035035035035,2.7272876151491285
300126,-0.4636083235690023,-0.18993506493506496,-0.2736732586339373,347,0.5195195195195195,0.5363916764309977
300127,0.19562107087067981,0.832116788321168,-0.6364957174504882,336,0.4904904904904905,1.1956210708706798
300128,-0.2351124339326034,-0.34426229508196726,0.10914986114936387,351,0.4954954954954955,0.7648875660673966
300129,0.4071195616823391,0.6054216867469882,-0.19830212506464906,344,0.4954954954954955,1.407119561682339
300131,1.1236210105303006,1.683035714285714,-0.5594147037554134,362,0.46646646646646645,2.1236210105303006
300132,0.717454032181378,1.1349809885931559,-0.41752695641177784,363,0.4914914914914915,1.717454032181378
300133,1.0078055490854347,-0.1435185185185186,1.1513240676039533,331,0.4924924924924925,2.0078055490854347
300134,1.169967290335875,1.3080357142857144,-0.13806842394983931,350,0.4964964964964965,2.169967290335875
300135,-0.5359844427987742,-0.3308823529411765,-0.2051020898575977,313,0.46846846846846846,0.4640155572012258
300136,5.868934779241145,10.501650165016503,-4.6327153857753585,325,0.4854854854854855,6.868934779241145
300137,0.4589576367267654,0.7835820895522387,-0.32462445282547336,341,0.5035035035035035,1.4589576367267654
300138,0.12029780340233609,1.0804597701149428,-0.9601619667126067,335,0.4874874874874875,1.120297803402336
300139,0.41961663584280395,-0.4598130841121495,0.8794297199549534,355,0.5125125125125125,1.419616635842804
300140,0.5906852873620196,-0.3236301369863013,0.9143154243483209,316,0.4964964964964965,1.5906852873620196
300142,0.6755774695853918,3.257142857142857,-2.5815653875574656,347,0.5325325325325325,1.6755774695853918
300144,-0.3048870237114203,1.9826732673267329,-2.287560291038153,307,0.5235235235235235,0.6951129762885797
300145,-0.07048292353948138,0.291545189504373,-0.3620281130438544,338,0.4954954954954955,0.9295170764605186
300146,1.308441240691895,0.2136817832436586,1.0947594574482364,336,0.4944944944944945,2.308441240691895
300147,0.2818822212062484,-0.308848080133556,0.5907303013398044,378,0.5105105105105106,1.2818822212062484
300148,0.3614123974722592,-0.49422875131164734,0.8556411487839065,333,0.5205205205205206,1.3614123974722592
300149,0.11959609379694669,1.2441379310344827,-1.124541837237536,340,0.48148148148148145,1.1195960937969467
300150,-0.41630598248038586,0.006928406466512715,-0.4232343889468986,320,0.4924924924924925,0.5836940175196141
300151,0.19768259574087121,0.6677018633540373,-0.47001926761316604,337,0.5005005005005005,1.1976825957408712
300152,0.36703344388657455,-0.30952380952380953,0.6765572534103841,314,0.4744744744744745,1.3670334438865746
300153,0.5025239946785087,0.7414187643020596,-0.23889476962355083,342,0.5005005005005005,1.5025239946785087
300154,0.059146875123621045,0.01273885350318471,0.046408021620436335,332,0.4874874874874875,1.059146875123621
300155,-0.7004419382348341,-0.14542728635682156,-0.5550146518780126,318,0.47147147147147145,0.2995580617651659
300157,-0.8865577669825596,-0.7238758708043065,-0.16268189617825313,328,0.5305305305305306,0.1134422330174404
300158,-0.3576202429706784,-0.43700787401574803,0.07938763104506963,327,0.4744744744744745,0.6423797570293216
300159,0.1553830667886622,0.7914691943127963,-0.6360861275241341,347,0.48848848848848847,1.1553830667886622
300160,-0.06681237781916782,1.107296137339056,-1.1741085151582238,344,0.47347347347347346,0.9331876221808322
300161,-0.301775938974166,-0.36652542372881347,0.06474948475464748,318,0.5135135135135135,0.698224061025834
300162,0.6067707864848131,-0.14820846905537444,0.7549792555401875,345,0.5225225225225225,1.606770786484813
300163,-0.2099937334414359,0.14657980456026065,-0.35657353800169655,316,0.4854854854854855,0.7900062665585641
300164,-0.3991779533262897,-0.38159255429162353,-0.01758539903466616,339,0.4944944944944945,0.6008220466737103
300166,1.3947204227558623,1.2786177105831538,0.11610271217270851,349,0.5025025025025025,2.3947204227558623
300167,0.9773034726252097,-0.32591273374888696,1.3032162063740966,336,0.4924924924924925,1.9773034726252097
300168,0.2659511284871727,0.6881405563689604,-0.4221894278817877,319,0.4984984984984985,1.2659511284871727
300170,0.29067221578152025,1.9126984126984126,-1.6220261969168923,360,0.4694694694694695,1.2906722157815202
300171,-0.5005570481222823,-0.3009803921568627,-0.19957665596541962,297,0.4904904904904905,0.4994429518777177
300172,-0.4226464159653417,0.2620865139949109,-0.6847329299602526,343,0.4974974974974975,0.5773535840346583
300173,1.1743384525013405,1.105105105105105,0.06923334739623543,329,0.5405405405405406,2.1743384525013405
300174,1.7727541659909445,4.040618955512572,-2.267864789521628,305,0.5085085085085085,2.7727541659909445
300175,0.8527740697475659,0.4513064133016629,0.401467656445903,326,0.5205205205205206,1.8527740697475659
300176,2.2889135185278886,9.468553459119496,-7.179639940591608,327,0.4994994994994995,3.2889135185278886
300177,-0.23402843168453635,0.030033370411568283,-0.26406180209610464,350,0.4944944944944945,0.7659715683154636
300179,-0.08687724107447437,0.2566666666666666,-0.34354390774114096,342,0.5315315315315315,0.9131227589255256
300180,0.6976817253623264,2.0755555555555554,-1.377873830193229,325,0.45645645645645644,1.6976817253623264
300181,-0.4538453405353905,-0.32825719120135366,-0.12558814933403684,347,0.48148148148148145,0.5461546594646095
300182,-0.28108797745537695,0.351923076923077,-0.633011054378454,339,0.45545545545545546,0.718912022544623
300183,0.26797556356147845,0.042988019732205895,0.22498754382927255,306,0.5225225225225225,1.2679755635614784
300184,0.7670449875840035,2.004166666666667,-1.2371216790826634,372,0.5095095095095095,1.7670449875840035
300185,-0.014954248562451311,0.4244604316546763,-0.4394146802171276,322,0.46846846846846846,0.9850457514375487
300187,-0.11139308883205845,-0.46976744186046515,0.3583743530284067,324,0.4844844844844845,0.8886069111679415
300188,3.863007197564608,2.435700575815739,1.427306621748869,329,0.5065065065065065,4.863007197564608
300189,-0.38791679395619305,0.17567567567567566,-0.5635924696318687,337,0.47147147147147145,0.612083206043807
300191,-0.3551478669096634,-0.3204686423156444,-0.034679224594018954,306,0.4774774774774775,0.6448521330903366
300192,2.4041792116325964,0.6421267893660532,1.7620524222665432,353,0.5355355355355356,3.4041792116325964
300193,0.3512534376044316,-0.02607076350093107,0.3773242011053627,331,0.4904904904904905,1.3512534376044316
300194,0.7451817357791344,-0.04347826086956519,0.7886599966486996,364,0.4954954954954955,1.7451817357791344
300195,-0.397011871428685,-0.28894634776987727,-0.10806552365880773,359,0.4944944944944945,0.602988128571315
300196,0.267037081578954,0.18083670715249656,0.08620037442645745,342,0.5245245245245245,1.267037081578954
300197,0.5174452970652035,-0.08744394618834073,0.6048892432535442,341,0.4934934934934935,1.5174452970652035
300198,-0.014292690030711874,0.2344213649851632,-0.24871405501587507,314,0.4874874874874875,0.9857073099692881
300199,0.8147479023295874,0.06074766355140193,0.7540002387781854,353,0.5235235235235235,1.8147479023295874
300200,-0.515308469875751,-0.07017543859649134,-0.44513303127925963,337,0.5085085085085085,0.48469153012424904
300201,2.295099938982403,0.9319999999999999,1.363099938982403,339,0.4804804804804805,3.295099938982403
300203,0.20524375006360862,0.5518565941101152,-0.3466128440465066,340,0.5375375375375375,1.2052437500636086
300204,-0.24972202169072777,0.02401372212692965,-0.2737357438176574,334,0.5045045045045045,0.7502779783092722
300205,1.9147773606875491,-0.5043277553375649,2.419105116025114,322,0.4644644644644645,2.914777360687549
300206,1.9227116530542596,0.16309012875536477,1.7596215242988948,337,0.5095095095095095,2.9227116530542596
300207,-0.29193688076624136,1.2635294117647056,-1.555466292530947,368,0.4674674674674675,0.7080631192337586
300209,-0.2159047244458948,0.5421853388658366,-0.7580900633117315,340,0.5285285285285285,0.7840952755541052
300210,-0.04749322329465078,-0.23700305810397548,0.1895098348093247,352,0.5195195195195195,0.9525067767053492
300211,-0.15965192550446683,0.3326271186440679,-0.49227904414853474,301,0.5595595595595596,0.8403480744955332
300212,0.4447140179081783,0.09441764300482425,0.3502963749033541,333,0.4754754754754755,1.4447140179081783
300213,-0.04682331276899199,0.3236607142857142,-0.3704840270547062,326,0.5405405405405406,0.953176687231008
300214,0.6163488725705804,0.20481927710843362,0.41152959546214674,344,0.5075075075075075,1.6163488725705804
300215,-0.34635072335848593,-0.3876251137397634,0.04127439038127745,327,0.48148148148148145,0.6536492766415141
300217,0.7038474864512156,-0.12698412698412698,0.8308316134353426,336,0.5025025025025025,1.7038474864512156
300218,0.5195761657901863,-0.27292110874200426,0.7924972745321905,315,0.5245245245245245,1.5195761657901863
300219,0.9037822925108754,1.20679012345679,-0.30300783094591455,305,0.5125125125125125,1.9037822925108754
300221,0.7625060991583112,2.8175895765472316,-2.05508347738892,325,0.46346346346346345,1.7625060991583112
300222,1.1441623005163382,2.090712742980562,-0.9465504424642237,316,0.48348348348348347,2.144162300516338
300223,-0.30099357854532904,-0.10377358490566035,-0.1972199936396687,299,0.48848848848848847,0.699006421454671
300224,0.39495111211783773,0.7105263157894739,-0.31557520367163616,324,0.5295295295295295,1.3949511121178377
300225,0.8171166412348188,0.17391304347826075,0.643203597756558,340,0.5075075075075075,1.8171166412348188
300226,0.695215925226693,1.169230769230769,-0.4740148440040761,314,0.46046046046046046,1.695215925226693
300227,-0.45828028751845373,0.0406360424028267,-0.49891632992128043,311,0.45345345345345345,0.5417197124815463
300228,-0.6608957396822689,-0.6948077685295284,0.03391202884725952,324,0.5265265265265265,0.3391042603177311
300229,0.038746553094369585,0.12436115843270867,-0.08561460533833909,315,0.4984984984984985,1.0387465530943696
300230,1.240876993261332,0.8027522935779816,0.4381246996833503,337,0.5165165165165165,2.240876993261332
300231,-0.19725210659116477,0.5860566448801745,-0.7833087514713393,330,0.4674674674674675,0.8027478934088352
300232,1.3789289115835541,2.4909090909090907,-1.1119801793255366,336,0.47647647647647645,2.378928911583554
300233,-0.04079652186334015,0.31237322515212984,-0.35316974701547,342,0.44644644644644643,0.9592034781366598
300234,-0.2979729046781935,-0.4511627906976744,0.15318988601948091,334,0.4864864864864865,0.7020270953218065
300235,0.0856566353062822,0.018720748829953227,0.06693588647632898,337,0.46646646646646645,1.0856566353062822
300236,3.170239079495696,-0.04197080291970812,3.212209882415404,341,0.5025025025025025,4.170239079495696
300237,1.280247095233885,2.0472103004291844,-0.7669632051952995,328,0.4934934934934935,2.280247095233885
300238,1.5215173303838907,-0.3098976109215018,1.8314149413053924,333,0.5105105105105106,2.5215173303838907
300239,-0.15422675117819207,-0.06352087114337557,-0.0907058800348165,343,0.45845845845845845,0.8457732488218079
300240,0.2338610000544621,0.331858407079646,-0.09799740702518389,328,0.4744744744744745,1.233861000054462
300241,0.41250169812630944,-0.12541806020066892,0.5379197583269784,341,0.5385385385385385,1.4125016981263094
300242,0.07741297032130778,0.8636363636363638,-0.786223393315056,334,0.4964964964964965,1.0774129703213078
300243,0.24551959512902832,0.5068493150684932,-0.26132971993946486,337,0.4874874874874875,1.2455195951290283
300244,-0.4425805221673378,0.2287029930928628,-0.6712835152602006,313,0.46646646646646645,0.5574194778326622
300245,1.9202200853111968,0.6039735099337749,1.316246575377422,359,0.5145145145145145,2.920220085311197
300246,1.059912483607142,-0.17592592592592604,1.2358384095330681,333,0.5405405405405406,2.059912483607142
300247,-0.4247499040231506,0.2006369426751593,-0.6253868466983099,354,0.4864864864864865,0.5752500959768494
300249,-0.3640483163474185,0.8953168044077136,-1.259365120755132,318,0.5325325325325325,0.6359516836525815
300250,1.2904053526794281,0.4195348837209303,0.8708704689584978,335,0.4864864864864865,2.290405352679428
300251,0.6630227098560428,0.397239263803681,0.2657834460523618,337,0.5205205205205206,1.6630227098560428
300252,1.3266357564587872,0.7785843920145192,0.5480513644442679,311,0.47647647647647645,2.326635756458787
300253,-0.041833371567523314,1.4130434782608696,-1.454876849828393,351,0.5055055055055055,0.9581666284324767
300255,-0.4099262862535856,0.04950495049504955,-0.4594312367486352,336,0.47647647647647645,0.5900737137464144
300256,0.044419754967967906,0.04250559284116351,0.0019141621268043973,332,0.5175175175175175,1.044419754967968
300257,0.35025948541771124,-0.14332247557003264,0.4935819609877439,329,0.5065065065065065,1.3502594854177112
300258,0.6036797206690578,1.4134615384615383,-0.8097818177924805,347,0.4914914914914915,1.6036797206690578
300259,-0.39627371280007473,0.3568773234200744,-0.7531510362201491,313,0.4944944944944945,0.6037262871999253
300260,-0.38935987987871057,1.0796019900497513,-1.468961869928462,336,0.4894894894894895,0.6106401201212894
300261,1.1264424666857353,0.4941860465116279,0.6322564201741074,326,0.4844844844844845,2.1264424666857353
300263,-0.06642629215384832,-0.27350427350427353,0.2070779813504252,323,0.5205205205205206,0.9335737078461517
300264,-0.6601771208553768,0.6620111731843576,-1.3221882940397345,342,0.4824824824824825,0.3398228791446232
300265,0.4435985834206335,0.05108055009823187,0.39251803332240165,335,0.5075075075075075,1.4435985834206335
300266,1.239314984152359,1.158730158730159,0.08058482542219991,328,0.5045045045045045,2.239314984152359
300267,-0.2906489042363727,-0.23483365949119372,-0.05581524474517896,317,0.4974974974974975,0.7093510957636273
300269,-0.3073434871260168,-0.36680761099365755,0.05946412386764077,338,0.5145145145145145,0.6926565128739832
300270,0.9331752399491895,0.8304843304843306,0.10269090946485893,334,0.5125125125125125,1.9331752399491895
300271,0.8207379158940944,1.004195804195804,-0.1834578883017095,338,0.5215215215215215,1.8207379158940944
300272,0.28129460387076644,0.4563953488372092,-0.1751007449664428,359,0.5145145145145145,1.2812946038707664
300274,-0.10909734683970607,1.1643356643356646,-1.2734330111753707,332,0.5355355355355356,0.8909026531602939
300275,-0.36238058100694404,-0.14893617021276595,-0.21344441079417809,310,0.44744744744744747,0.637619418993056
300276,1.6064592091106134,1.262626262626263,0.34383294648435037,330,0.5105105105105106,2.6064592091106134
300277,-0.3495197214187217,1.2291220556745182,-1.5786417770932397,330,0.5045045045045045,0.6504802785812783
300279,0.18484652253001155,0.1768707482993197,0.007975774230691846,346,0.5075075075075075,1.1848465225300115
300280,-0.15424378710124675,0.8265957446808512,-0.9808395317820979,308,0.4624624624624625,0.8457562128987532
300281,1.0653884672551133,0.9526315789473685,0.11275688830774477,330,0.5015015015015015,2.0653884672551133
300283,0.7763540721910325,0.6411960132890369,0.13515805890199561,323,0.4984984984984985,1.7763540721910325
300284,4.6860364541083985,0.33202357563850704,4.3540128784698915,341,0.5205205205205206,5.6860364541083985
300285,-0.3625642056162729,1.4594059405940594,-1.8219701462103322,326,0.5155155155155156,0.6374357943837271
300286,-0.46993028558264804,-0.40407358738501975,-0.0658566981976283,325,0.4824824824824825,0.530069714417352
300287,1.3190586026476643,0.4081145584725536,0.9109440441751107,335,0.5125125125125125,2.3190586026476643
300288,0.2088525492237845,-0.04933814681107096,0.25819069603485545,317,0.4944944944944945,1.2088525492237845
300289,0.5186393860403009,-0.4094707520891364,0.9281101381294373,344,0.45045045045045046,1.518639386040301
300290,2.678670726868656,0.3617886178861789,2.316882108982477,324,0.5035035035035035,3.678670726868656
300293,-0.4540216270264865,-0.33620071684587816,-0.11782091018060836,335,0.4954954954954955,0.5459783729735135
300294,2.39398349174302,1.8003820439350524,0.5936014478079676,299,0.4944944944944945,3.39398349174302
300295,-0.5948016445906741,-0.40953262378528454,-0.18526902080538954,345,0.5165165165165165,0.40519835540932597
300296,3.062024161151257,5.671428571428572,-2.609404410277315,349,0.45145145145145144,4.062024161151257
300298,-0.4232278473734453,-0.35312306740878174,-0.07010477996466358,319,0.4854854854854855,0.5767721526265547
300299,1.8128140909439598,0.4005102040816326,1.4123038868623272,335,0.48848848848848847,2.81281409094396
300300,0.011503011133142227,0.76103500761035,-0.7495319964772078,306,0.5435435435435435,1.0115030111331422
300301,-0.38370301068711554,-0.1761252446183954,-0.20757776606872014,333,0.4954954954954955,0.6162969893128845
300302,-0.020733010745417557,1.123711340206186,-1.1444443509516036,346,0.5195195195195195,0.9792669892545824
300303,-0.352716767172524,-0.19774011299435035,-0.15497665417817363,341,0.5215215215215215,0.647283232827476
300304,0.6585026147174964,0.4218749999999998,0.2366276147174966,352,0.4624624624624625,1.6585026147174964
300305,0.011070616571916103,-0.1618421052631578,0.1729127218350739,328,0.5045045045045045,1.011070616571916
300306,-0.226969087362487,-0.18463180362860188,-0.04233728373388512,356,0.5095095095095095,0.773030912637513
300307,1.0678916566307972,-0.3547430830039525,1.4226347396347498,332,0.5145145145145145,2.067891656630797
300308,1.3010437875385872,4.456896551724138,-3.1558527641855507,339,0.4994994994994995,2.301043787538587
300310,0.36146770402728645,0.24870466321243545,0.112763040814851,330,0.5075075075075075,1.3614677040272865
300311,-0.5644735331279044,0.45023696682464465,-1.0147104999525491,315,0.45045045045045046,0.4355264668720956
300313,0.05132363862905276,-0.1345532831001076,0.18587692172916037,335,0.5265265265265265,1.0513236386290528
300314,3.23761805669585,0.05521472392638027,3.1824033327694696,340,0.5145145145145145,4.23761805669585
300315,0.18836029383273667,-0.5754132231404958,0.7637735169732325,350,0.4854854854854855,1.1883602938327367
300316,0.1549127908637109,2.415041782729805,-2.260128991866094,333,0.4644644644644645,1.154912790863711
300317,2.807261441780742,0.3085106382978724,2.49875080348287,356,0.5015015015015015,3.807261441780742
300318,-0.27660801052451167,0.3756906077348068,-0.6522986182593185,321,0.5315315315315315,0.7233919894754883
300319,0.9455989995130192,0.7729885057471264,0.17261049376589277,322,0.4924924924924925,1.9455989995130192
300320,-0.27223952933788875,0.7058823529411764,-0.9781218822790652,335,0.4694694694694695,0.7277604706621112
300321,-0.29375230519126616,0.019230769230769384,-0.31298307442203555,326,0.5125125125125125,0.7062476948087338
300322,-0.6116698683573001,0.7295081967213115,-1.3411780650786116,363,0.5185185185185185,0.3883301316426999
300323,2.6854406899571845,0.09652509652509655,2.588915593432088,320,0.5145145145145145,3.6854406899571845
300324,5.875157345956965,2.9490740740740735,2.9260832718828915,332,0.4954954954954955,6.875157345956965
300326,0.5067828599842157,0.18022528160200246,0.3265575783822132,320,0.4794794794794795,1.5067828599842157
300327,0.5088377088658678,0.8665710186513631,-0.35773330978549533,348,0.48848848848848847,1.5088377088658678
300328,-0.4903333783929352,0.9022988505747127,-1.3926322289676478,330,0.45845845845845845,0.5096666216070648
300329,1.3925042954352551,0.5988258317025439,0.7936784637327112,377,0.5055055055055055,2.392504295435255
300331,0.6374336995385141,-0.10389610389610382,0.741329803434618,307,0.4824824824824825,1.6374336995385141
300332,0.6233637942711658,-0.49266862170087977,1.1160324159720456,332,0.4914914914914915,1.6233637942711658
300333,0.8260199569675131,0.21417069243156206,0.611849264535951,303,0.5055055055055055,1.826019956967513
300334,-0.7490505809598207,-0.6044921875,-0.1445583934598207,340,0.5015015015015015,0.25094941904017937
300335,-0.06551691353360489,-0.20600414078674956,0.14048722725314466,337,0.5375375375375375,0.9344830864663951
300337,0.5028175940701263,0.2554890219560879,0.24732857211403836,349,0.4954954954954955,1.5028175940701263
300338,0.32640939425420923,1.1742671009771986,-0.8478577067229893,331,0.5045045045045045,1.3264093942542092
300339,0.14472719320729444,0.7744807121661721,-0.6297535189588777,346,0.4954954954954955,1.1447271932072944
300340,1.2038592769767393,0.7679623085983509,0.4358969683783884,319,0.5015015015015015,2.2038592769767393
300341,-0.23721739800922925,0.15880893300248133,-0.3960263310117106,372,0.5175175175175175,0.7627826019907707
300342,-0.575415636312608,0.37028571428571433,-0.9457013505983223,344,0.4994994994994995,0.4245843636873921
300343,0.021163292510668397,-0.14579439252336435,0.16695768503403274,327,0.4984984984984985,1.0211632925106684
300344,0.8790582803120666,0.5758426966292136,0.30321558368285295,347,0.4774774774774775,1.8790582803120666
300345,-0.27462763629595066,0.32283464566929143,-0.5974622819652421,328,0.5055055055055055,0.7253723637040493
300346,1.0217219112415399,0.3019197207678883,0.7198021904736516,335,0.4854854854854855,2.02172191124154
300347,3.260588715183255,2.383,0.8775887151832551,369,0.4774774774774775,4.260588715183255
300348,0.25223146361774273,1.743119266055046,-1.4908878024373033,333,0.5145145145145145,1.2522314636177427
300349,0.17911786205167823,0.2054298642533936,-0.026312002201715368,343,0.4754754754754755,1.1791178620516782
300350,-0.012168680137109145,0.0,-0.012168680137109145,314,0.5045045045045045,0.9878313198628909
300351,-0.3786100459844347,0.18384074941452,-0.5624507953989547,312,0.5165165165165165,0.6213899540155653
300352,-0.2961511582603443,0.41319444444444464,-0.709345602704789,347,0.46546546546546547,0.7038488417396557
300353,0.7940651992976628,1.326315789473684,-0.532250590176021,333,0.4944944944944945,1.7940651992976628
300354,0.30581939313879425,0.18757192174913695,0.1182474713896573,309,0.5195195195195195,1.3058193931387942
300355,1.2577090015506882,1.162962962962963,0.09474603858772523,344,0.5105105105105106,2.257709001550688
302132,0.23408205609111277,0.40977443609022557,-0.1756923799991128,330,0.48148148148148145,1.2340820560911128
600000,0.10896432226105013,1.0829268292682928,-0.9739625070072426,341,0.5325325325325325,1.1089643222610501
600004,0.7452854312477322,2.9054726368159205,-2.1601872055681883,341,0.48148148148148145,1.7452854312477322
600006,1.7732993485669208,0.5864661654135337,1.1868331831533872,330,0.5135135135135135,2.773299348566921
600007,-0.5330845305604339,0.4992987377279101,-1.032383268288344,323,0.5225225225225225,0.4669154694395661
600008,0.012899375881621378,0.5454545454545452,-0.5325551695729238,332,0.46146146146146144,1.0128993758816214
600009,1.7095372057697187,2.4965304548959137,-0.7869932491261951,353,0.5485485485485485,2.7095372057697187
600010,-0.06974517537590552,0.4518072289156627,-0.5215524042915682,322,0.5105105105105106,0.9302548246240945
600011,0.1292912870522691,0.4674220963172804,-0.33813080926501127,337,0.5095095095095095,1.129291287052269
600012,0.3149960458500163,2.0823045267489713,-1.767308480898955,337,0.4874874874874875,1.3149960458500163
600015,0.4967844478057879,0.9824046920821112,-0.48562024427632333,348,0.4894894894894895,1.496784447805788
600016,0.10079177563401176,0.5899053627760253,-0.4891135871420136,345,0.4804804804804805,1.1007917756340118
600017,-0.35948662845928225,0.5596330275229355,-0.9191196559822178,341,0.5195195195195195,0.6405133715407177
600018,0.6861084981866443,0.45066666666666677,0.23544183151997755,317,0.4844844844844845,1.6861084981866443
600019,0.7281031901516664,1.4026548672566372,-0.6745516771049709,317,0.4974974974974975,1.7281031901516664
600020,0.6944105338273234,1.3975903614457832,-0.7031798276184598,357,0.48148148148148145,1.6944105338273234
600021,0.19595055204841194,0.9070422535211267,-0.7110917014727147,350,0.4744744744744745,1.195950552048412
600022,0.34511730425000575,0.7058823529411764,-0.36076504869117065,307,0.4824824824824825,1.3451173042500058
600023,-0.3383770351816515,0.3020527859237536,-0.6404298211054051,343,0.4894894894894895,0.6616229648183485
600026,0.5320685738228257,-0.06965174129353213,0.6017203151163578,297,0.5205205205205206,1.5320685738228257
600027,0.08558357088444768,0.3932584269662922,-0.3076748560818445,329,0.5475475475475475,1.0855835708844477
600028,0.18667429306254157,0.872146118721461,-0.6854718256589194,346,0.4994994994994995,1.1866742930625416
600029,-0.24761710089013145,3.76953125,-4.017148350890132,315,0.5045045045045045,0.7523828991098686
600030,0.8430336958568807,0.8378970427163197,0.005136653140560998,319,0.5065065065065065,1.8430336958568807
600031,0.945016487310377,0.5342205323193918,0.4107959549909852,337,0.4854854854854855,1.945016487310377
600033,0.920663255144486,0.9708029197080292,-0.05013966456354324,300,0.5055055055055055,1.920663255144486
600035,0.9390273454142104,0.7578125,0.1812148454142104,334,0.43843843843843844,1.9390273454142104
600036,0.5947235765000558,2.4620155038759686,-1.8672919273759128,315,0.5065065065065065,1.5947235765000558
600037,1.237137333216865,0.7777777777777777,0.45935955543908724,336,0.5135135135135135,2.237137333216865
600038,-0.2310934067381173,0.42525675161658416,-0.6563501583547015,341,0.4864864864864865,0.7689065932618827
600039,0.5567412810703625,0.3466666666666667,0.2100746144036958,328,0.47847847847847846,1.5567412810703625
600048,0.6152741658938548,2.0201729106628243,-1.4048987447689696,341,0.4944944944944945,1.6152741658938548
600050,-0.4006272763976835,0.5542635658914727,-0.9548908422891562,333,0.4854854854854855,0.5993727236023165
600052,-0.0952849293792617,-0.025396825396825418,-0.06988810398243628,329,0.5315315315315315,0.9047150706207383
600054,0.20470886060839866,1.0582362728785357,-0.8535274122701371,322,0.4864864864864865,1.2047088606083987
600055,1.3764318378118405,0.5659090909090907,0.8105227469027498,329,0.5415415415415415,2.3764318378118405
600056,0.03771479763892116,1.250809061488673,-1.213094263849752,332,0.4914914914914915,1.0377147976389212
600059,-0.22826933648486947,-0.05341614906832304,-0.17485318741654643,331,0.4744744744744745,0.7717306635151305
600060,1.7539146598229371,0.49884259259259234,1.2550720672303448,318,0.4694694694694695,2.753914659822937
600061,0.2557737635623354,0.5,-0.2442262364376646,329,0.4904904904904905,1.2557737635623354
600062,0.0360943202626931,0.3142633228840126,-0.2781690026213195,314,0.5105105105105106,1.036094320262693
600064,2.8888643616670766,1.133640552995392,1.7552238086716847,332,0.4954954954954955,3.8888643616670766
600066,-0.2674321093030325,1.2988115449915112,-1.5662436542945437,327,0.4804804804804805,0.7325678906969675
600067,-0.13050136399259848,0.020560747663551426,-0.1510621116561499,317,0.4644644644644645,0.8694986360074015
600071,0.7451225215653008,0.4865771812080537,0.2585453403572471,311,0.5085085085085085,1.7451225215653008
600072,0.2875858361725312,-0.1837073981712385,0.4712932343437697,315,0.4864864864864865,1.2875858361725312
600073,0.506903987041224,-0.2100515463917526,0.7169555334329766,340,0.4804804804804805,1.506903987041224
600075,-0.40374021660545156,0.20235294117647062,-0.6060931577819222,357,0.4984984984984985,0.5962597833945484
600076,0.5388327888153648,-0.08352144469525957,0.6223542335106244,322,0.4894894894894895,1.5388327888153648
600078,-0.12292332501842596,-0.256637168141593,0.13371384312316703,348,0.45645645645645644,0.877076674981574
600079,-0.3866698519992584,0.10068130204390591,-0.4873511540431643,341,0.5015015015015015,0.6133301480007416
600080,0.8819046559802564,0.07682619647355171,0.8050784595067046,347,0.5175175175175175,1.8819046559802564
600081,0.39305104375200584,0.4252077562326868,-0.03215671248068097,334,0.4804804804804805,1.3930510437520058
600082,-0.18941155128340414,0.07563025210084051,-0.26504180338424466,350,0.4944944944944945,0.8105884487165959
600084,-0.4112227360208367,-0.08905852417302806,-0.32216421184780863,333,0.5315315315315315,0.5887772639791633
600085,0.288300937744876,0.6190476190476191,-0.3307466813027431,320,0.5045045045045045,1.288300937744876
600088,0.4090447088328155,-0.29850746268656725,0.7075521715193828,353,0.45645645645645644,1.4090447088328155
600089,-0.3465467706999352,0.003502626970227851,-0.3500493976701631,368,0.4864864864864865,0.6534532293000648
600094,0.30619927707105044,0.475206611570248,-0.16900733449919758,333,0.4644644644644645,1.3061992770710504
600095,-0.4918947378288979,0.14660831509846828,-0.6385030529273662,319,0.4804804804804805,0.5081052621711021
600096,1.1997918612759313,-0.22451790633608815,1.4243097676120193,331,0.5005005005005005,2.1997918612759313
600097,0.35207350619880273,-0.1454033771106943,0.497476883309497,308,0.4724724724724725,1.3520735061988027
600098,-0.13480338560895488,0.2210526315789474,-0.3558560171879023,333,0.4864864864864865,0.8651966143910451
600099,-0.4884825064953754,0.2303149606299213,-0.7187974671252967,304,0.5115115115115115,0.5115174935046246
600100,0.5374496203392674,0.021761658031087983,0.5156879623081794,318,0.4744744744744745,1.5374496203392674
600101,0.18114380793607499,-0.019189765458422325,0.2003335733944973,328,0.48348348348348347,1.181143807936075
600103,0.47448726831680754,0.2832369942196533,0.19125027409715423,305,0.5285285285285285,1.4744872683168075
600104,1.1796355336688173,2.3047735618115057,-1.1251380281426884,355,0.4914914914914915,2.1796355336688173
600105,0.36293321489686425,0.36820083682008353,-0.005267621923219279,338,0.4794794794794795,1.3629332148968643
600106,-0.3000588810178437,0.03755868544600949,-0.3376175664638532,313,0.5185185185185185,0.6999411189821563
600107,0.26009533095552784,0.8312302839116719,-0.571134952956144,353,0.5205205205205206,1.2600953309555278
600108,-0.1250080573169663,-0.5119196988707653,0.386911641553799,337,0.46646646646646645,0.8749919426830337
600109,0.07578925025069383,0.01534526854219953,0.0604439817084943,338,0.44844844844844844,1.0757892502506938
600110,-0.08119402374877127,-0.2886247877758913,0.20743076402712002,315,0.5005005005005005,0.9188059762512287
600111,1.1054594332076313,-0.10880458124552617,1.2142640144531573,340,0.4444444444444444,2.1054594332076313
600113,-0.08421464959865477,-0.1708333333333334,0.08661868373467863,326,0.5245245245245245,0.9157853504013452
600114,-0.1863932921041459,0.5420560747663552,-0.7284493668705011,333,0.48348348348348347,0.8136067078958541
600115,0.1132901009045959,1.8759398496240602,-1.7626497487194643,327,0.5025025025025025,1.113290100904596
600116,0.9714314586518813,1.282758620689655,-0.3113271620377738,334,0.5445445445445446,1.9714314586518813
600117,0.43993207865410877,0.33333333333333326,0.10659874532077551,335,0.4944944944944945,1.4399320786541088
600118,0.7036885292055777,0.21558872305140953,0.48809980615416815,334,0.5305305305305306,1.7036885292055777
600119,0.35287980668434904,-0.44701795020266355,0.7998977568870126,310,0.5385385385385385,1.352879806684349
600120,-0.4029969229546809,0.4089068825910931,-0.811903805545774,358,0.4904904904904905,0.5970030770453191
600121,0.0815174900209461,0.1186440677966103,-0.037126577775664193,338,0.5425425425425425,1.081517490020946
600123,0.2488492801016613,-0.11700182815356486,0.36585110825522615,340,0.48148148148148145,1.2488492801016613
600125,-0.4909267780609484,0.5357142857142858,-1.0266410637752341,299,0.5145145145145145,0.5090732219390516
600126,0.3537419010921661,0.59765625,-0.24391434890783392,340,0.47047047047047047,1.353741901092166
600127,-0.23906417648085698,-0.0940170940170939,-0.14504708246376308,331,0.4774774774774775,0.760935823519143
600128,-0.34203236994296327,0.13685636856368566,-0.4788887385066489,339,0.5115115115115115,0.6579676300570367
600129,0.9809792704378109,0.5358444714459296,0.44513479899188124,331,0.5335335335335335,1.9809792704378109
600130,0.22062861733587225,0.9861878453038675,-0.7655592279679952,319,0.47647647647647645,1.2206286173358722
600131,-0.06647960946918097,0.4518716577540105,-0.5183512672231915,338,0.5055055055055055,0.933520390530819
600132,-0.2559442733489541,0.4840336134453782,-0.7399778867943323,370,0.4944944944944945,0.7440557266510459
600133,-0.16366034425965004,0.6814516129032258,-0.8451119571628758,344,0.5195195195195195,0.83633965574035
600135,1.902830286284174,0.2028241335044929,1.700006152779681,338,0.4954954954954955,2.902830286284174
600136,0.5259954645271598,1.1640625,-0.6380670354728402,308,0.5065065065065065,1.5259954645271598
600137,1.0603290260543172,0.8701030927835054,0.19022593327081183,331,0.5225225225225225,2.0603290260543172
600138,0.6044359837169937,1.0200546946216953,-0.4156187109047016,329,0.4904904904904905,1.6044359837169937
600143,-0.04786955395283721,0.039735099337748325,-0.08760465329058553,317,0.4944944944944945,0.9521304460471628
600148,0.7164121496861131,1.0889132821075744,-0.3725011324214613,345,0.5055055055055055,1.716412149686113
600149,-0.20059786710190664,0.17107583774250434,-0.371673704844411,326,0.47647647647647645,0.7994021328980934
600150,0.1377924653289624,-0.5436643835616438,0.6814568488906062,319,0.48148148148148145,1.1377924653289624
600151,-0.35193667012633356,-0.5215311004784688,0.16959443035213528,364,0.4964964964964965,0.6480633298736664
600152,-0.49665921361203924,0.28062360801781727,-0.7772828216298565,350,0.5085085085085085,0.5033407863879608
600153,0.14720742467120518,0.2760563380281691,-0.1288489133569639,322,0.4964964964964965,1.1472074246712052
600155,0.4427286047478909,1.0520833333333335,-0.6093547285854426,318,0.5105105105105106,1.4427286047478909
600156,0.07714241385872045,0.0620689655172415,0.015073448341478946,349,0.4974974974974975,1.0771424138587204
600157,1.252389740252155,0.1887755102040818,1.0636142300480733,317,0.47847847847847846,2.252389740252155
600158,6.154412542684527,0.1411451398135819,6.013267402870945,327,0.4804804804804805,7.154412542684527
600159,0.2595026447892619,0.3333333333333335,-0.0738306885440716,316,0.4624624624624625,1.2595026447892619
600160,0.6457254735819571,1.5239520958083834,-0.8782266222264263,335,0.5135135135135135,1.645725473581957
600161,-0.07694705756178566,0.5172413793103448,-0.5941884368721304,334,0.4994994994994995,0.9230529424382143
600162,0.9960270850722368,-0.28270042194092837,1.2787275070131652,325,0.5075075075075075,1.9960270850722368
600163,-0.0183811069551163,-0.06442577030812324,0.04604466335300694,333,0.5275275275275275,0.9816188930448837
600165,0.9071760166811331,0.4625850340136055,0.4445909826675276,337,0.5565565565565566,1.9071760166811331
600166,0.2488905919486275,0.024691358024691468,0.22419923392393604,363,0.5135135135135135,1.2488905919486275
600167,0.6380080494314884,0.8376623376623378,-0.1996542882308494,322,0.5235235235235235,1.6380080494314884
600168,-0.3283115434865955,-0.1869918699186992,-0.14131967356789632,326,0.47147147147147145,0.6716884565134045
600169,0.23154053197769953,0.010000000000000009,0.22154053197769952,328,0.5235235235235235,1.2315405319776995
600170,-0.2645320657693445,0.6781609195402298,-0.9426929853095743,349,0.5185185185185185,0.7354679342306555
600171,0.1156201530549219,0.7041284403669723,-0.5885082873120504,355,0.5015015015015015,1.115620153054922
600172,-0.5129680731853348,0.551532033426184,-1.0645001066115187,323,0.5095095095095095,0.48703192681466523
600173,0.08993816348131634,0.5238095238095237,-0.4338713603282074,344,0.5325325325325325,1.0899381634813163
600176,0.5656917057110014,5.0182926829268295,-4.452600977215829,328,0.4984984984984985,1.5656917057110014
600177,0.746394035642477,0.8918918918918919,-0.14549785624941491,351,0.5335335335335335,1.746394035642477
600178,-0.715746393205876,0.04339250493096647,-0.7591388981368424,336,0.5095095095095095,0.28425360679412404
600179,1.5603200223537446,1.4405797101449274,0.1197403122088172,319,0.5265265265265265,2.5603200223537446
600180,-0.464283808851258,0.07829181494661919,-0.5425756237978772,340,0.5135135135135135,0.535716191148742
600182,-0.007822207150742111,0.4592314901593253,-0.4670536973100674,346,0.4674674674674675,0.9921777928492579
600183,0.2758870928958368,2.5336134453781516,-2.257726352482315,334,0.46846846846846846,1.2758870928958368
600184,2.6852778758639078,0.40944123314065517,2.2758366427232524,345,0.5025025025025025,3.6852778758639078
600185,-0.21843711770754137,0.9473684210526314,-1.1658055387601727,339,0.5015015015015015,0.7815628822924586
600186,-0.37365239535299266,-0.17647058823529405,-0.19718180711769862,343,0.46546546546546547,0.6263476046470073
600187,-0.7515588338878199,-0.3616161616161616,-0.38994267227165824,334,0.48148148148148145,0.24844116611218015
600188,1.7791683397503482,1.3103448275862073,0.46882351216414087,360,0.4494494494494494,2.779168339750348
600189,-0.5871461808090849,-0.16249999999999987,-0.424646180809085,337,0.5015015015015015,0.41285381919091513
600191,-0.37863055079832675,-0.1859205776173286,-0.19270997318099814,334,0.4904904904904905,0.6213694492016733
600192,1.678033056692973,-0.20882352941176474,1.886856586104738,344,0.4894894894894895,2.678033056692973
600193,1.7183702250215447,-0.6327769347496206,2.3511471597711653,345,0.5225225225225225,2.7183702250215447
600195,0.4068168873061617,0.39864864864864846,0.00816823865751326,302,0.5465465465465466,1.4068168873061617
600196,0.6677323887472342,1.2072289156626503,-0.5394965269154162,341,0.5355355355355356,1.6677323887472342
600197,1.026687724462303,1.532163742690058,-0.5054760182277551,318,0.5095095095095095,2.026687724462303
600198,-0.10575580741260782,-0.512249443207127,0.40649363579451914,343,0.48848848848848847,0.8942441925873922
600199,-0.13275857644042277,-0.2816032887975334,0.1488447123571106,338,0.5205205205205206,0.8672414235595772
600200,0.5073682107224384,-0.33892321270962045,0.8462914234320589,341,0.4924924924924925,1.5073682107224384
600201,0.7268748060861359,2.3680000000000003,-1.6411251939138645,353,0.4964964964964965,1.7268748060861359
600202,-0.8381752204944991,-0.38188976377952755,-0.45628545671497156,331,0.5125125125125125,0.1618247795055009
600203,-0.6500559543139679,0.1740196078431373,-0.8240755621571052,319,0.5075075075075075,0.34994404568603216
600206,-0.13308452992439324,0.044181034482758674,-0.1772655644071519,341,0.4934934934934935,0.8669154700756068
600207,0.29459544572580354,0.26538461538461533,0.02921083034118821,349,0.5085085085085085,1.2945954457258035
600208,0.02915332184160646,0.48611111111111116,-0.4569577892695047,341,0.5215215215215215,1.0291533218416065
600210,0.0643863584920834,0.5207373271889402,-0.45635096869685676,328,0.5535535535535535,1.0643863584920834
600211,0.2596114606801758,0.9102564102564104,-0.6506449495762345,344,0.5005005005005005,1.2596114606801758
600212,1.7433868556790597,0.3018867924528301,1.4415000632262296,322,0.5185185185185185,2.7433868556790597
600215,0.23428990976821118,0.8656330749354004,-0.6313431651671892,343,0.5075075075075075,1.2342899097682112
600216,-0.31897283597277637,0.4819136522753791,-0.8008864882481554,356,0.5315315315315315,0.6810271640272236
600218,0.11021519593090034,-0.3373786407766991,0.44759383670759945,332,0.5025025025025025,1.1102151959309003
600219,0.955430524150739,0.36567164179104483,0.5897588823596942,323,0.5125125125125125,1.955430524150739
600221,-0.24844839441135913,0.11917098445595875,-0.3676193788673179,326,0.5185185185185185,0.7515516055886409
600222,-0.48268517873932804,-0.12779552715654952,-0.3548896515827785,328,0.4844844844844845,0.517314821260672
600223,-0.5070339374841283,-0.09695290858725769,-0.4100810288968706,348,0.5015015015015015,0.4929660625158717
600226,0.19351833175729083,1.4796747967479673,-1.2861564649906765,348,0.46846846846846846,1.1935183317572908
600227,0.9182048580929787,0.17518248175182483,0.7430223763411539,329,0.5205205205205206,1.9182048580929787
600228,-0.27063819158458025,-0.32288135593220346,0.05224316434762322,347,0.4904904904904905,0.7293618084154198
600229,-0.10873016325591756,0.4564315352697095,-0.565161698525627,325,0.46546546546546547,0.8912698367440824
600230,1.6670824576059267,2.2808842652795835,-0.6138018076736569,346,0.5045045045045045,2.6670824576059267
600231,1.358978351569026,1.375,-0.01602164843097409,335,0.48848848848848847,2.358978351569026
600232,-0.013197831294184725,-0.079155672823219,0.06595784152903428,362,0.44844844844844844,0.9868021687058153
600233,0.8196896973071226,1.8838383838383836,-1.064148686531261,333,0.5185185185185185,1.8196896973071226
600235,0.0013490016162440721,-0.045226130653266305,0.04657513226951038,326,0.5175175175175175,1.001349001616244
600236,-0.34274085359201645,0.9358974358974359,-1.2786382894894524,324,0.4974974974974975,0.6572591464079836
600237,-0.6035129512897772,-0.24474187380497137,-0.35877107748480586,325,0.4934934934934935,0.3964870487102228
600238,0.08135171634173544,-0.09999999999999998,0.18135171634173541,337,0.5315315315315315,1.0813517163417354
600239,-0.4463444296100273,0.3187250996015938,-0.7650695292116211,337,0.5125125125125125,0.5536555703899727
600241,0.06857561241503607,0.03685897435897423,0.03171663805606184,327,0.4674674674674675,1.068575612415036
600246,1.7579050214038139,0.2769784172661871,1.4809266041376268,323,0.4874874874874875,2.757905021403814
600248,-0.48162603646361557,-0.23185483870967738,-0.2497711977539382,359,0.5315315315315315,0.5183739635363844
600249,-0.38082054851403735,-0.039999999999999925,-0.3408205485140374,323,0.5395395395395396,0.6191794514859627
600250,0.59646205684267,0.13854351687389,0.45791853996877996,314,0.5385385385385385,1.59646205684267
600251,0.4961354189988434,-0.0778625954198473,0.5739980144186907,345,0.5305305305305306,1.4961354189988434
600252,0.520789299359667,-0.09183673469387754,0.6126260340535445,308,0.4754754754754755,1.520789299359667
600255,0.3677157441169896,-0.07746478873239426,0.44518053284938386,331,0.48348348348348347,1.3677157441169896
600256,-0.5225745638710783,-0.4867424242424243,-0.03583213962865395,352,0.4924924924924925,0.47742543612892174
600257,-0.2494101041665795,-0.38390501319261217,0.13449490902603267,360,0.4904904904904905,0.7505898958334205
600258,0.8115578394156193,0.8301245753114384,-0.01856673589581903,364,0.5045045045045045,1.8115578394156193
600259,0.2090098270245282,-0.25190039318479684,0.46091022020932504,342,0.4844844844844845,1.2090098270245282
600261,0.08007835373553007,-0.23222748815165872,0.3123058418871888,316,0.5075075075075075,1.08007835373553
600262,0.7780454516306545,0.3568147013782541,0.4212307502524004,340,0.5175175175175175,1.7780454516306545
600265,0.3298111551379954,2.1814671814671813,-1.851656026329186,338,0.5225225225225225,1.3298111551379954
600266,1.337959174376444,0.618705035971223,0.7192541384052211,325,0.48148148148148145,2.337959174376444
600267,-0.3456832857455613,0.0262199563000729,-0.3719032420456342,320,0.4754754754754755,0.6543167142544387
600268,0.3369729342683261,-0.060702875399361034,0.3976758096676871,319,0.4844844844844845,1.336972934268326
600269,0.998554371410588,0.9746192893401016,0.023935082070486446,355,0.5045045045045045,1.998554371410588
600271,1.5833681530198844,2.0518018018018016,-0.4684336487819172,341,0.5365365365365365,2.5833681530198844
600272,-0.43499714155063307,-0.08341915550978374,-0.35157798604084933,329,0.46546546546546547,0.5650028584493669
600273,1.4159432868812503,0.19130434782608718,1.224638939055163,338,0.5025025025025025,2.4159432868812503
600276,0.5618274379708585,2.9507995079950793,-2.388972070024221,357,0.5395395395395396,1.5618274379708585
600278,-0.1847547611689243,-0.004162330905306932,-0.18059243026361738,349,0.4804804804804805,0.8152452388310757
600279,0.5659866142151795,0.14347826086956528,0.4225083533456142,336,0.4944944944944945,1.5659866142151795
600280,-0.23739044736069626,0.465818759936407,-0.7032092072971032,339,0.4754754754754755,0.7626095526393037
600281,-0.519995760080781,0.17096018735363017,-0.6909559474344111,327,0.4754754754754755,0.4800042399192191
600282,0.9411934796362911,1.2982456140350882,-0.3570521343987971,341,0.4944944944944945,1.941193479636291
600283,0.2614342000539791,0.5426356589147285,-0.28120145886074943,330,0.5095095095095095,1.261434200053979
600284,0.7273738858839467,-0.06739526411657559,0.7947691500005223,347,0.48348348348348347,1.7273738858839467
600285,-0.24224553605022792,0.5543237250554325,-0.7965692611056604,331,0.5175175175175175,0.7577544639497721
600287,-0.5789969616881423,0.0797962648556878,-0.6587932265438301,347,0.5315315315315315,0.4210030383118577
600288,-0.29883068557098125,0.23816155988857957,-0.5369922454595608,329,0.5225225225225225,0.7011693144290188
600289,-0.7867349666973192,-0.73963133640553,-0.04710363029178921,330,0.5025025025025025,0.2132650333026808
600292,0.16614815475573574,-0.6179473401397098,0.7840954948954455,326,0.5285285285285285,1.1661481547557357
600293,0.3825032774741053,0.2762430939226519,0.10626018355145339,341,0.4984984984984985,1.3825032774741053
600295,-0.4897117205950391,0.03584229390681015,-0.5255540145018492,343,0.46346346346346345,0.5102882794049609
600298,0.6991273906113684,3.733898305084746,-3.0347709144733774,330,0.4794794794794795,1.6991273906113684
600299,-0.4153099633727093,1.5301204819277108,-1.94543044530042,341,0.5075075075075075,0.5846900366272907
600300,-0.2702437552391115,-0.08499999999999996,-0.18524375523911152,317,0.4674674674674675,0.7297562447608885
600301,0.37721481300901516,0.04195804195804209,0.33525677105097307,325,0.4934934934934935,1.3772148130090152
600302,-0.16615483962222177,0.22380952380952368,-0.38996436343174545,350,0.4544544544544545,0.8338451603777782
600303,0.3973412423666056,0.7898550724637683,-0.3925138300971627,330,0.4984984984984985,1.3973412423666056
600305,1.3318684073863096,0.2863340563991321,1.0455343509871775,350,0.5165165165165165,2.3318684073863096
600307,0.32517800998922763,0.06949806949806958,0.25567994049115805,322,0.4594594594594595,1.3251780099892276
600308,0.7746761850197581,1.1840490797546015,-0.4093728947348434,329,0.4904904904904905,1.774676185019758
600309,1.9171791046912743,2.1716842961757528,-0.2545051914844785,356,0.4914914914914915,2.9171791046912743
600310,1.1481728458444325,0.5629629629629627,0.5852098828814698,325,0.47347347347347346,2.1481728458444325
600312,0.36168618922229334,-0.3254156769596199,0.6871018661819133,326,0.4974974974974975,1.3616861892222933
600313,-0.2970169336700269,-0.15076923076923088,-0.14624770290079603,305,0.46046046046046046,0.7029830663299731
600315,-0.21167946937535276,-0.02825000000000011,-0.18342946937535265,307,0.47847847847847846,0.7883205306246472
600316,1.1684502077616106,-0.3230599889928454,1.491510196754456,339,0.4624624624624625,2.1684502077616106
600318,0.7858331118429791,1.9711934156378597,-1.1853603037948806,332,0.5435435435435435,1.785833111842979
600319,-0.22875901472304627,0.4960212201591512,-0.7247802348821974,333,0.5015015015015015,0.7712409852769537
600320,0.943298356838639,0.6296296296296298,0.3136687272090093,340,0.5235235235235235,1.943298356838639
600322,-0.27500554379394704,0.9009287925696594,-1.1759343363636066,297,0.5105105105105106,0.724994456206053
600323,-0.1093372182746789,0.3340380549682873,-0.4433752732429662,327,0.5085085085085085,0.8906627817253211
600325,0.008315752997027692,1.1456692913385829,-1.1373535383415552,331,0.5155155155155156,1.0083157529970277
600326,0.24211941375586288,0.8554572271386429,-0.61333781338278,341,0.48348348348348347,1.2421194137558629
600327,-0.06284998472717929,0.4108910891089108,-0.4737410738360901,326,0.5435435435435435,0.9371500152728207
600328,1.145572113299084,0.1304347826086958,1.0151373306903881,322,0.5095095095095095,2.145572113299084
600329,-0.25534254544494495,0.09314227226202654,-0.3484848177069715,320,0.5075075075075075,0.744657454555055
600330,-0.5327962443660001,-0.08085106382978713,-0.451945180536213,349,0.4854854854854855,0.4672037556339999
600331,-0.03852517068345385,-0.38141809290953543,0.3428929222260816,328,0.5045045045045045,0.9614748293165462
600332,0.8020563662740765,0.5088967971530249,0.29315956912105157,326,0.5205205205205206,1.8020563662740765
600333,0.03130236490187999,-0.3001277139208173,0.33143007882269726,332,0.5275275275275275,1.03130236490188
600335,-0.04683759237842944,0.19918699186991873,-0.24602458424834817,326,0.5205205205205206,0.9531624076215706
600336,0.15409016487163774,-0.16386554621848737,0.3179557110901251,328,0.5085085085085085,1.1540901648716377
600337,1.2774339093051297,1.1973094170403589,0.08012449226477081,339,0.46846846846846846,2.2774339093051297
600338,3.3691119343598483,2.277867528271405,1.0912444060884434,333,0.4924924924924925,4.369111934359848
600339,1.0376709412162373,0.28244274809160297,0.7552281931246343,349,0.5125125125125125,2.0376709412162373
600340,0.045283069430944956,2.806201550387597,-2.760918480956652,349,0.5185185185185185,1.045283069430945
600343,0.13905551522522464,0.5829846582984657,-0.44392914307324105,340,0.5115115115115115,1.1390555152252246
600345,-0.46838613824119,0.8127259580621837,-1.2811120963033737,343,0.4964964964964965,0.53161386175881
600346,1.6822493738258775,5.047904191616767,-3.3656548177908894,350,0.4944944944944945,2.6822493738258775
600348,-0.5231858639358792,0.20608108108108114,-0.7292669450169603,347,0.5135135135135135,0.4768141360641208
600350,0.5538838696134931,1.3048780487804876,-0.7509941791669945,338,0.4994994994994995,1.5538838696134931
600351,-0.23789904881448343,0.26008064516129026,-0.4979796939757737,331,0.5215215215215215,0.7621009511855166
600352,0.23558748959418563,1.077079107505071,-0.8414916179108853,333,0.5095095095095095,1.2355874895941856
600353,0.009975665523091815,0.5244444444444445,-0.5144687789213527,316,0.5075075075075075,1.0099756655230918
600354,1.165770207369858,0.11857142857142855,1.0471987787984294,355,0.4894894894894895,2.165770207369858
600355,0.5298088293193202,0.9705882352941175,-0.44077940597479737,304,0.5065065065065065,1.5298088293193202
600356,-0.14771946153813165,0.361290322580645,-0.5090097841187766,353,0.4544544544544545,0.8522805384618684
600358,-0.3393597401229077,-0.030516431924882625,-0.3088433081980251,335,0.5185185185185185,0.6606402598770923
600359,0.3629300695422486,-0.15503875968992253,0.5179688292321711,350,0.5265265265265265,1.3629300695422486
600360,0.967545548196413,0.5536231884057972,0.41392235979061587,359,0.5025025025025025,1.967545548196413
600361,1.1712421878677102,0.260387811634349,0.9108543762333612,341,0.5265265265265265,2.17124218786771
600362,-0.05838549932106951,0.35859030837004413,-0.41697580769111364,316,0.5295295295295295,0.9416145006789305
600363,-0.6227921388323894,0.12468193384223913,-0.7474740726746285,333,0.4624624624624625,0.3772078611676107
600365,-0.4837460106181346,-0.019323671497584516,-0.4644223391205501,308,0.4994994994994995,0.5162539893818654
600366,-0.3511324069076164,0.1490312965722802,-0.5001637034798966,343,0.4934934934934935,0.6488675930923836
600367,0.2697478084582636,0.16004962779156306,0.10969818066670056,363,0.5155155155155156,1.2697478084582636
600368,-0.07147070457274396,0.09625668449197855,-0.1677273890647225,316,0.4954954954954955,0.928529295427256
600369,-0.06098990051357189,-0.06617647058823528,0.005186570074663388,348,0.5225225225225225,0.9390100994864281
600371,-0.2605948228016355,0.07775768535262206,-0.33835250815425755,314,0.47847847847847846,0.7394051771983645
600372,-0.7995589410842361,-0.49616944569625965,-0.30338949538797644,339,0.5005005005005005,0.20044105891576391
600373,0.1840556086205407,0.6214605067064085,-0.4374048980858678,358,0.4904904904904905,1.1840556086205407
600375,-0.2497889759053159,-0.6330178759200841,0.38322890001476817,333,0.4794794794794795,0.7502110240946841
600376,1.02652212005031,1.036144578313253,-0.009622458262942946,322,0.4844844844844845,2.02652212005031
600377,0.022532326631017785,1.1841269841269844,-1.1615946574959666,305,0.5005005005005005,1.0225323266310178
600378,0.07713128966913141,-0.1566390041493776,0.233770293818509,317,0.5045045045045045,1.0771312896691314
600379,0.04712870313689432,-0.18416206261510126,0.2312907657519956,356,0.4754754754754755,1.0471287031368943
600380,0.04695583036651052,1.483606557377049,-1.4366507270105384,343,0.5015015015015015,1.0469558303665105
600382,0.5603930867425622,0.7671232876712331,-0.2067302009286709,324,0.5085085085085085,1.5603930867425622
600383,0.3897422802147439,1.7796208530805688,-1.389878572865825,341,0.4794794794794795,1.3897422802147439
600386,2.331472961289741,0.2082111436950147,2.1232618175947264,348,0.5115115115115115,3.331472961289741
600388,1.4920996977726757,0.19117647058823528,1.3009232271844404,322,0.5435435435435435,2.4920996977726757
600389,-0.11172768376792597,-0.11726618705035974,0.005538503282433771,323,0.5135135135135135,0.888272316232074
600390,-0.18200134159347714,-0.06486486486486476,-0.11713647672861238,328,0.5075075075075075,0.8179986584065229
600391,-0.43822139155439255,0.2059064807219031,-0.6441278722762956,328,0.4804804804804805,0.5617786084456075
600392,2.0718004971849977,0.7918871252204587,1.279913371964539,299,0.48148148148148145,3.0718004971849977
600395,-0.4809515744894267,-0.07373271889400923,-0.4072188555954175,338,0.4904904904904905,0.5190484255105733
600396,0.028833534242575176,-0.38810198300283283,0.416935517245408,334,0.4994994994994995,1.0288335342425752
600397,-0.5872083685224867,-0.3091397849462366,-0.2780685835762501,365,0.4984984984984985,0.41279163147751324
600398,1.3651979267096923,1.1018766756032172,0.2633212511064751,347,0.5095095095095095,2.3651979267096923
600399,-0.048055036794741546,0.11842105263157898,-0.16647608942632053,320,0.5165165165165165,0.9519449632052585
600400,2.599258206684225,1.477272727272727,1.121985479411498,329,0.4594594594594595,3.599258206684225
600403,0.4818145983610975,-0.3531531531531532,0.8349677515142507,357,0.4964964964964965,1.4818145983610975
600405,0.6341110765277007,0.014311270125223707,0.619799806402477,334,0.4774774774774775,1.6341110765277007
600406,0.37333338442130315,0.13131313131313127,0.24202025310817188,304,0.4674674674674675,1.3733333844213031
600408,1.1059134844281653,0.0,1.1059134844281653,330,0.4914914914914915,2.1059134844281653
600409,2.1587475219480146,1.1680911680911685,0.990656353856846,325,0.4914914914914915,3.1587475219480146
600410,2.751746878080133,1.4189473684210525,1.3327995096590803,326,0.5055055055055055,3.751746878080133
600415,-0.3512425670056971,0.8458333333333332,-1.1970759003390303,356,0.5135135135135135,0.6487574329943029
600416,0.2792427184962425,0.6843657817109143,-0.40512306321467184,322,0.5195195195195195,1.2792427184962425
600418,0.7304175640359725,-0.08975979772439946,0.8201773617603719,344,0.4974974974974975,1.7304175640359725
600419,2.1483414805003904,1.5997357992073975,0.5486056812929929,331,0.4724724724724725,3.1483414805003904
600420,0.26751275740036484,0.23769338959212383,0.029819367808241015,327,0.4854854854854855,1.2675127574003648
600421,-0.2616378392865327,-0.1966205837173578,-0.06501725556917493,321,0.48348348348348347,0.7383621607134673
600422,-0.0505378155844004,-0.18011257035647277,0.12957475477207236,361,0.4864864864864865,0.9494621844155996
600423,-0.4156982102720427,0.015463917525773141,-0.4311621277978158,329,0.47647647647647645,0.5843017897279573
600425,-0.3158231939803935,-0.08895705521472386,-0.22686613876566963,318,0.48848848848848847,0.6841768060196065
600426,1.9160862581672742,3.316205533596838,-1.4001192754295637,342,0.5015015015015015,2.916086258167274
600428,0.07390693657191516,-0.012944983818770184,0.08685192039068534,322,0.5125125125125125,1.0739069365719152
600429,-0.44955705884985986,-0.2877984084880636,-0.16175865036179626,330,0.5135135135135135,0.5504429411501401
600433,-0.42689180808896665,-0.5798687089715536,0.15297690088258697,327,0.5065065065065065,0.5731081919110333
600435,-0.1703581677378262,0.5559006211180122,-0.7262587888558384,333,0.4914914914914915,0.8296418322621738
600436,1.1709850477466501,1.7043407043407046,-0.5333556565940545,317,0.5055055055055055,2.17098504774665
600438,0.2620088212770513,0.6326530612244896,-0.37064423994743834,316,0.4964964964964965,1.2620088212770513
600439,-0.3666342574342666,0.37823834196891193,-0.7448725994031785,318,0.4544544544544545,0.6333657425657334
600446,-0.03133028046094155,1.0020120724346078,-1.0333423528955494,341,0.4904904904904905,0.9686697195390584
600448,0.21508317151501766,-0.005847953216374324,0.22093112473139198,321,0.5075075075075075,1.2150831715150177
600449,0.4971306021312094,0.8013816925734023,-0.3042510904421929,356,0.5145145145145145,1.4971306021312094
600452,0.7106619251721238,3.217391304347826,-2.5067293791757024,309,0.4694694694694695,1.7106619251721238
600455,0.90086062140178,0.7824878387769283,0.11837278262485174,322,0.5335335335335335,1.90086062140178
600456,-0.39826242174456195,0.7867975022301517,-1.1850599239747135,324,0.5145145145145145,0.601737578255438
600458,-0.6570873795154258,-0.18812989921612544,-0.4689574802993004,350,0.5095095095095095,0.34291262048457416
600459,0.01157519274622043,0.26183844011142066,-0.2502632473652002,308,0.45545545545545546,1.0115751927462204
600460,1.2084104268445968,1.8893617021276596,-0.6809512752830629,304,0.5085085085085085,2.2084104268445968
600461,-0.052921181329502076,0.32915360501567403,-0.3820747863451761,338,0.5005005005005005,0.9470788186704979
600463,0.18428740650512498,0.37483617300131056,-0.19054876649618557,339,0.48348348348348347,1.184287406505125
600467,-0.15668240938691824,0.022471910112359605,-0.17915431949927785,336,0.4994994994994995,0.8433175906130818
600468,-0.2387402631664075,-0.2232142857142858,-0.015525977452121698,307,0.5095095095095095,0.7612597368335925
600469,-0.3801571698736632,-0.24943310657596374,-0.13072406329769948,297,0.5565565565565566,0.6198428301263368
600470,1.4092495993922727,-0.18879999999999997,1.5980495993922728,335,0.5155155155155156,2.4092495993922727
600475,0.16917277241331186,-0.14337568058076222,0.3125484529940741,334,0.47147147147147145,1.1691727724133119
600476,-0.2975964399978889,0.3793859649122808,-0.6769824049101697,342,0.5065065065065065,0.7024035600021111
600477,0.4317156105123696,4.784090909090909,-4.35237529857854,333,0.4994994994994995,1.4317156105123696
600478,0.07368216739970146,-0.05271565495207664,0.1263978223517781,327,0.4794794794794795,1.0736821673997015
600479,-0.4392702459749588,0.2589413447782547,-0.6982115907532135,337,0.48348348348348347,0.5607297540250412
600480,-0.526753935162834,0.3290734824281152,-0.8558274175909492,336,0.4984984984984985,0.473246064837166
600481,-0.18136183813161122,-0.4040632054176072,0.222701367285996,355,0.5415415415415415,0.8186381618683888
600482,0.6066992110494458,0.8276573787409702,-0.22095816769152443,341,0.4974974974974975,1.6066992110494458
600483,0.3931869556366365,0.23772609819121437,0.15546085744542215,331,0.4864864864864865,1.3931869556366365
600486,1.0862269043671207,1.6858440575321723,-0.5996171531650516,332,0.4624624624624625,2.0862269043671207
600487,6.554349880108263,5.6380952380952385,0.9162546420130244,334,0.4824824824824825,7.554349880108263
600488,0.19216661180224515,0.015706806282722585,0.17645980551952256,326,0.4824824824824825,1.1921666118022451
600489,-0.1833147826285524,0.07627118644067798,-0.25958596906923037,330,0.47147147147147145,0.8166852173714476
600490,0.32846055642917427,-0.34199134199134207,0.6704518984205163,323,0.5425425425425425,1.3284605564291743
600491,-0.23799719012671783,1.86969696969697,-2.107694159823688,347,0.4894894894894895,0.7620028098732822
600493,-0.06495571225127861,0.3829787234042552,-0.4479344356555338,327,0.5025025025025025,0.9350442877487214
600495,0.7464668720021368,0.23281596452328146,0.5136509074788553,343,0.4924924924924925,1.7464668720021368
600496,-0.020145621927352808,0.1679104477611939,-0.1880560696885467,345,0.4944944944944945,0.9798543780726472
600497,0.1954065329029262,0.19452054794520568,0.0008859849577205203,348,0.5245245245245245,1.1954065329029262
600498,2.322288126156355,0.8659498207885306,1.4563383053678245,328,0.4794794794794795,3.322288126156355
600499,-0.466783322259253,-0.34306569343065696,-0.12371762882859605,318,0.5335335335335335,0.533216677740747
600500,0.2902879224435482,0.06586826347305386,0.22441965897049432,338,0.4974974974974975,1.2902879224435482
600501,-0.044232268271434894,-0.10481283422459897,0.06058056595316408,349,0.5515515515515516,0.9557677317285651
600502,-0.015960964692231516,0.036363636363636376,-0.05232460105586789,316,0.4864864864864865,0.9840390353077685
600503,-0.13999560488070162,0.2753623188405798,-0.41535792372128144,347,0.4944944944944945,0.8600043951192984
600505,0.44289393794771303,-0.28,0.7228939379477131,350,0.4914914914914915,1.442893937947713
600506,-0.45490567035726437,0.23978201634877383,-0.6946876867060382,339,0.5075075075075075,0.5450943296427356
600507,0.22794257305719534,4.158333333333334,-3.930390760276139,352,0.5125125125125125,1.2279425730571953
600508,0.8008084404208653,0.3072519083969465,0.4935565320239188,340,0.48148148148148145,1.8008084404208653
600509,-0.3408394859883952,-0.25065274151436034,-0.09018674447403485,326,0.4844844844844845,0.6591605140116048
600510,-0.4479579181471022,0.17173913043478262,-0.6196970485818848,359,0.5415415415415415,0.5520420818528978
600511,-0.009844694021947098,0.37402088772845965,-0.38386558175040675,321,0.4874874874874875,0.9901553059780529
600512,0.9479048591881853,0.23809523809523814,0.7098096210929472,335,0.4824824824824825,1.9479048591881853
